hostname,hostid,instancename,created,state,haenable,id,name,displayname,cpunumber,cpuspeed,memory,mac,ip,publicip,domain,domainid,zonename,zoneid,hypervisor,account,serviceofferingname
no-host 0 i-21-1912-VM 2013-10-30T15:30:13+0800 Stopped False f7307ffb-5db7-4825-bd1b-3500871ce757 linux63-1 (no)linux63-1 2 2600 4096 02:00:5e:0e:00:1e 10.1.1.212 no-pubip ROOT 9b832394-f254-4f6d-ba67-ed3979ac9fc6 生产系统资源域 8e19be3a-c953-4dec-aa74-857226de927c XenServer test 2CPU-4G-test-nfs-z2p201c1 
xstest1.gdcloud.com f1e89379-5fc2-4661-bd59-750991c2eecc i-21-1906-VM 2013-10-29T17:05:10+0800 Running False df2d58b5-b4d0-4169-9983-c05941459ff2 W2K8R2-2 W2K8R2-2 2 2600 4096 02:00:6d:5f:00:18 10.1.1.172 192.168.31.187 ROOT 9b832394-f254-4f6d-ba67-ed3979ac9fc6 生产系统资源域 8e19be3a-c953-4dec-aa74-857226de927c XenServer test 2CPU-4G-test-nfs-z2p201c1 
xs226.gdcloud.com 82bb8be7-15b4-4716-9bf3-5169182118bf i-15-1901-VM 2013-10-24T09:36:20+0800 Running False 7c5aca92-bf42-4fc9-b9ca-b12d5628251d SJZX37 SJZX37 4 2600 4096 02:00:20:9d:00:5a 10.1.1.235 192.168.31.80 ROOT 9b832394-f254-4f6d-ba67-ed3979ac9fc6 生产系统资源域 8e19be3a-c953-4dec-aa74-857226de927c XenServer gdupc 4CPU-4G-gdupc-nfs-slow 
xs226.gdcloud.com 82bb8be7-15b4-4716-9bf3-5169182118bf i-15-1900-VM 2013-10-23T16:33:29+0800 Running False 6c815c1d-aaca-4e7b-98a2-ef89760212f4 SJZX36 SJZX36 2 2600 4096 02:00:45:89:00:59 10.1.1.63 192.168.31.71 ROOT 9b832394-f254-4f6d-ba67-ed3979ac9fc6 生产系统资源域 8e19be3a-c953-4dec-aa74-857226de927c XenServer gdupc 2CPU-4G-gdupc-nfs-slow 
xstest1.gdcloud.com f1e89379-5fc2-4661-bd59-750991c2eecc i-21-1899-VM 2013-10-23T09:44:12+0800 Running False 28ce5027-2e75-4ad4-9b66-a1441328f3d4 W2K8R2-1 W2K8R2-1 2 2600 4096 02:00:1e:d1:00:13 10.1.1.243 192.168.31.185 ROOT 9b832394-f254-4f6d-ba67-ed3979ac9fc6 生产系统资源域 8e19be3a-c953-4dec-aa74-857226de927c XenServer test 2CPU-4G-test-nfs-z2p201c1 
xstest1.gdcloud.com f1e89379-5fc2-4661-bd59-750991c2eecc i-21-1898-VM 2013-10-23T09:15:47+0800 Running False 5779fbb3-23d7-42d3-84c9-edc50969e462 wxp3-2 wxp3-2 2 2600 4096 02:00:6d:8b:00:12 10.1.1.108 192.168.31.184 ROOT 9b832394-f254-4f6d-ba67-ed3979ac9fc6 生产系统资源域 8e19be3a-c953-4dec-aa74-857226de927c XenServer test 2CPU-4G-test-nfs-z2p201c1 
xstest1.gdcloud.com f1e89379-5fc2-4661-bd59-750991c2eecc i-21-1896-VM 2013-10-22T17:24:46+0800 Running False 57122e7e-4e3c-45b2-ba3f-7bf95b141db9 wxp3-1 wxp3-1 2 2600 4096 02:00:0e:e3:00:10 10.1.1.154 192.168.31.183 ROOT 9b832394-f254-4f6d-ba67-ed3979ac9fc6 生产系统资源域 8e19be3a-c953-4dec-aa74-857226de927c XenServer test 2CPU-4G-test-nfs-z2p201c1 
xs224.gdcloud.com f529bf46-947c-4a24-bb40-2b414e025e79 i-22-1895-VM 2013-10-21T16:38:29+0800 Running True 27d57f3d-0ed0-437b-a834-52f9cd371e84 OSP OSP 8 2600 16384 02:00:7d:af:00:08 10.1.1.251 172.17.0.76 ROOT 9b832394-f254-4f6d-ba67-ed3979ac9fc6 信息系统域 81e63956-ff38-4ea5-a043-b859ceac0f19 XenServer caigoupingtai 8CPU-16G-z3p1c3-1-nfs-slow-HA 
xs224.gdcloud.com f529bf46-947c-4a24-bb40-2b414e025e79 i-22-1894-VM 2013-10-21T16:36:58+0800 Running True 4a9fd24b-622d-4e83-af82-902fea6ec02a WDP WDP 16 2600 32768 02:00:56:78:00:07 10.1.1.252 172.17.0.75 ROOT 9b832394-f254-4f6d-ba67-ed3979ac9fc6 信息系统域 81e63956-ff38-4ea5-a043-b859ceac0f19 XenServer caigoupingtai 16CPU-32G-z3p1c3-1-nfs-slow-HA 
xs222.gdcloud.com ec5236d4-8457-4435-bda0-8a6b68e76d00 i-22-1893-VM 2013-10-21T16:21:40+0800 Running True 4b9bd0ac-1fab-42af-ac86-2f764390876b EPP EPP 16 2600 32768 02:00:41:b3:00:06 10.1.1.129 172.17.0.73 ROOT 9b832394-f254-4f6d-ba67-ed3979ac9fc6 信息系统域 81e63956-ff38-4ea5-a043-b859ceac0f19 XenServer caigoupingtai 16CPU-32G-z3p1c3-1-nfs-slow-HA 
xs223.gdcloud.com 6a0d24d5-5baf-4c75-9eff-f762ef3fe892 i-22-1892-VM 2013-10-21T15:43:16+0800 Running True 54ff1e0f-4841-40c0-a08f-261852076755 WFP WFP 8 2600 16384 02:00:2e:3d:00:05 10.1.1.124 172.17.0.77 ROOT 9b832394-f254-4f6d-ba67-ed3979ac9fc6 信息系统域 81e63956-ff38-4ea5-a043-b859ceac0f19 XenServer caigoupingtai 8CPU-16G-z3p1c3-1-nfs-slow-HA 
xs223.gdcloud.com 6a0d24d5-5baf-4c75-9eff-f762ef3fe892 i-22-1891-VM 2013-10-21T14:17:01+0800 Running True c0d25943-b3a0-4131-91da-a4a90484fef4 PIP PIP 16 2600 32768 02:00:3e:24:00:04 10.1.1.194 172.17.0.74 ROOT 9b832394-f254-4f6d-ba67-ed3979ac9fc6 信息系统域 81e63956-ff38-4ea5-a043-b859ceac0f19 XenServer caigoupingtai 16CPU-32G-z3p1c3-1-nfs-slow-HA 
xs221.gdcloud.com 98cf1532-3428-4a57-8540-5653f7d3aaaf i-22-1890-VM 2013-10-21T14:14:46+0800 Running True 6b4d8c99-bda3-4eba-8dc1-e19363ccd162 SRP SRP 32 2600 65536 02:00:0c:a3:00:03 10.1.1.66 172.17.0.72 ROOT 9b832394-f254-4f6d-ba67-ed3979ac9fc6 信息系统域 81e63956-ff38-4ea5-a043-b859ceac0f19 XenServer caigoupingtai 32CPU-64G-z3p1c3-1-nfs-slow-HA 
xs224.gdcloud.com f529bf46-947c-4a24-bb40-2b414e025e79 i-22-1888-VM 2013-10-21T13:55:28+0800 Running True 38cb5ac1-ee37-4470-8418-2c1f183ba2f3 PRD PRD 32 2600 65536 02:00:7d:71:00:01 10.1.1.245 172.17.0.71 ROOT 9b832394-f254-4f6d-ba67-ed3979ac9fc6 信息系统域 81e63956-ff38-4ea5-a043-b859ceac0f19 XenServer caigoupingtai 32CPU-64G-z3p1c3-1-nfs-slow-HA 
xstest1.gdcloud.com f1e89379-5fc2-4661-bd59-750991c2eecc i-21-1887-VM 2013-10-15T17:41:30+0800 Running False a7cdd5fa-2246-430e-8cf9-b3ba6988c6e9 SCADA2 SCADA2 4 2600 8192 02:00:7c:e9:00:0f 10.1.1.192 192.168.31.182 ROOT 9b832394-f254-4f6d-ba67-ed3979ac9fc6 生产系统资源域 8e19be3a-c953-4dec-aa74-857226de927c XenServer test 4CPU-8G-test-nfs-z2p201c1 
xs04 ea62fda7-2b91-43ff-926a-32c277676a38 i-17-1503-VM 2013-04-28T10:46:59+0800 Running True 977d6b08-af92-4880-a52b-8bb77449ad7a GDUPC-ftpserver-vip GDUPC-ftpserver-vip 4 2600 4096 02:00:48:3f:00:01 10.1.1.79 192.168.31.199 ROOT 9b832394-f254-4f6d-ba67-ed3979ac9fc6 生产系统资源域 8e19be3a-c953-4dec-aa74-857226de927c XenServer xenvip 4CPU-4G-NA-SLOW-XEN 
xs06.gdcloud.com 99b5cd02-19e8-4f6a-b405-a4d82fcd180d i-7-1881-VM 2013-10-15T15:47:28+0800 Running False 501e893a-4fa3-41a5-85f5-f65aeee565a9 RealTimeDataServer RealTimeDataServer 2 2600 2048 02:00:19:7a:00:3d 10.1.1.72 192.168.31.63 ROOT 9b832394-f254-4f6d-ba67-ed3979ac9fc6 生产系统资源域 8e19be3a-c953-4dec-aa74-857226de927c XenServer fengce 2CPU-2G 
xs201.gdcloud.com c44934c8-8a3c-4b79-9f92-bad0da86c7b1 i-18-1877-VM 2013-10-15T12:34:54+0800 Running False a995f189-d541-4640-899b-2a600c6f584e mis-hamijijian mis-hamijijian 4 2600 8192 02:00:1e:14:00:15 10.1.1.165 172.17.0.58 ROOT 9b832394-f254-4f6d-ba67-ed3979ac9fc6 信息系统域 81e63956-ff38-4ea5-a043-b859ceac0f19 XenServer isinternal 4CPU-8G-is-nfs-slow 
xs202.gdcloud.com 0960fe15-b4a4-4847-b077-bcb925714a46 i-18-1870-VM 2013-10-10T15:36:17+0800 Running False b8b18b88-dff8-48e0-971a-544c5bce1620 EPT4WIN EPT4WIN 8 2600 16384 02:00:55:c8:00:14 10.1.1.251 172.17.0.57 ROOT 9b832394-f254-4f6d-ba67-ed3979ac9fc6 信息系统域 81e63956-ff38-4ea5-a043-b859ceac0f19 XenServer isinternal 8CPU-16G-is-netapp-slow 
xs53.gdcloud.com ec5a157d-4b6c-4d30-93e8-06cc7a81642a i-15-1867-VM 2013-09-27T20:43:43+0800 Running False cb6fee4d-95e1-45dc-a8be-767d11f826bf zsltest rdp-demo 4 2600 4096 02:00:44:0e:00:58 10.1.1.232 192.168.31.171 ROOT 9b832394-f254-4f6d-ba67-ed3979ac9fc6 生产系统资源域 8e19be3a-c953-4dec-aa74-857226de927c XenServer gdupc 4CPU-4G-gdupc-nfs-slow 
xs202.gdcloud.com 0960fe15-b4a4-4847-b077-bcb925714a46 i-14-1866-VM 2013-09-25T14:39:25+0800 Running False 39a9ff09-19cb-4b05-9ad0-586f28bafc56 PIQ PIQ 8 2600 16384 02:00:5d:06:00:1a 10.1.1.172 172.17.0.63 ROOT 9b832394-f254-4f6d-ba67-ed3979ac9fc6 信息系统域 81e63956-ff38-4ea5-a043-b859ceac0f19 XenServer erp 8CPU-16G-is-netapp-slow 
xs202.gdcloud.com 0960fe15-b4a4-4847-b077-bcb925714a46 i-14-1865-VM 2013-09-25T14:23:14+0800 Running False 4db6e888-d07a-4ebd-9554-2f36d78446da EPT EPT 8 2600 16384 02:00:75:3c:00:19 10.1.1.127 172.17.0.62 ROOT 9b832394-f254-4f6d-ba67-ed3979ac9fc6 信息系统域 81e63956-ff38-4ea5-a043-b859ceac0f19 XenServer erp 8CPU-16G-is-netapp-slow 
xs53.gdcloud.com ec5a157d-4b6c-4d30-93e8-06cc7a81642a i-15-1864-VM 2013-09-24T10:34:38+0800 Running False 2ae3be28-35dd-4928-a328-61ffc9c73b28 SJZX35 SJZX35 2 2600 4096 02:00:0f:09:00:57 10.1.1.209 192.168.31.159 ROOT 9b832394-f254-4f6d-ba67-ed3979ac9fc6 生产系统资源域 8e19be3a-c953-4dec-aa74-857226de927c XenServer gdupc 2CPU-4G-gdupc-nfs-slow 
xs51.gdcloud.com 322b5ff5-0afb-4a15-9c5c-e3f0adba90e9 i-15-1863-VM 2013-09-24T10:30:29+0800 Running False 78205a3f-8513-4878-ad9c-4253590b88d6 SJZX28 SJZX28 2 2600 4096 02:00:7f:ee:00:56 10.1.1.57 192.168.31.32 ROOT 9b832394-f254-4f6d-ba67-ed3979ac9fc6 生产系统资源域 8e19be3a-c953-4dec-aa74-857226de927c XenServer gdupc 2CPU-4G-gdupc-nfs-slow 
xs202.gdcloud.com 0960fe15-b4a4-4847-b077-bcb925714a46 i-14-1862-VM 2013-09-18T15:06:01+0800 Running False bd6b4c86-d619-4213-95e9-59fab25f107f ERP01 ERP01 4 2600 8192 02:00:3b:2e:00:18 10.1.1.65 172.17.0.37 ROOT 9b832394-f254-4f6d-ba67-ed3979ac9fc6 信息系统域 81e63956-ff38-4ea5-a043-b859ceac0f19 XenServer erp 4CPU-8G-is-nfs-slow 
xs213.gdcloud.com 849645e1-a5df-41be-9107-554ac019de01 i-18-1861-VM 2013-09-18T14:30:37+0800 Running False 65f496d0-cc28-45c6-9f9e-3e57ac3b19f9 EPT EPT 8 2600 16384 02:00:4b:c7:00:12 10.1.1.100 172.17.0.56 ROOT 9b832394-f254-4f6d-ba67-ed3979ac9fc6 信息系统域 81e63956-ff38-4ea5-a043-b859ceac0f19 XenServer isinternal 8CPU-16G-is-z3p1c2-na-slow 
xs213.gdcloud.com 849645e1-a5df-41be-9107-554ac019de01 i-18-1860-VM 2013-09-18T13:44:59+0800 Running False d42a12f4-fee9-4c42-9b8e-a0088ba2a723 QAS QAS 8 2600 16384 02:00:65:e2:00:11 10.1.1.244 172.17.0.55 ROOT 9b832394-f254-4f6d-ba67-ed3979ac9fc6 信息系统域 81e63956-ff38-4ea5-a043-b859ceac0f19 XenServer isinternal 8CPU-16G-is-z3p1c2-na-slow 
xs53.gdcloud.com ec5a157d-4b6c-4d30-93e8-06cc7a81642a i-15-1854-VM 2013-09-06T15:04:30+0800 Running False 1b06afc3-6c71-4845-b0a8-5dbf2cbe5681 gdupc-ftp gdupc-ftp 4 2600 4096 02:00:52:f8:00:50 10.1.1.178 192.168.31.40 ROOT 9b832394-f254-4f6d-ba67-ed3979ac9fc6 生产系统资源域 8e19be3a-c953-4dec-aa74-857226de927c XenServer gdupc 4CPU-4G-gdupc-nfs-slow 
xs212.gdcloud.com 1c35071c-5af0-4ea1-8105-4f541c5186b4 i-18-1853-VM 2013-09-02T10:03:54+0800 Running False 5a52436e-d9c3-428b-ae6d-157516e4d899 SAPBW SAPBW 8 2600 16384 02:00:11:14:00:10 10.1.1.88 172.17.0.54 ROOT 9b832394-f254-4f6d-ba67-ed3979ac9fc6 信息系统域 81e63956-ff38-4ea5-a043-b859ceac0f19 XenServer isinternal 8CPU-16G-is-z3p1c2-na-slow 
xs213.gdcloud.com 849645e1-a5df-41be-9107-554ac019de01 i-18-1852-VM 2013-09-02T09:59:25+0800 Running False 40913dca-8e84-4f9e-843b-bc8b52e7c898 SAPBO SAPBO 8 2600 16384 02:00:67:73:00:0f 10.1.1.5 172.17.0.53 ROOT 9b832394-f254-4f6d-ba67-ed3979ac9fc6 信息系统域 81e63956-ff38-4ea5-a043-b859ceac0f19 XenServer isinternal 8CPU-16G-is-z3p1c2-na-slow 
xs204.gdcloud.com 67e41861-b793-47df-91ba-1e0507670013 i-14-1846-VM 2013-08-23T14:34:35+0800 Running False cd75ccdf-c04b-4ac1-9ca8-df9070b3c11d SRMQAS SRMQAS 8 2600 16384 02:00:10:10:00:17 10.1.1.58 172.17.0.36 ROOT 9b832394-f254-4f6d-ba67-ed3979ac9fc6 信息系统域 81e63956-ff38-4ea5-a043-b859ceac0f19 XenServer erp 8CPU-16G-is-netapp-slow 
xs202.gdcloud.com 0960fe15-b4a4-4847-b077-bcb925714a46 i-14-1845-VM 2013-08-23T13:31:11+0800 Running False 6fed5ed7-09fb-4d2a-940d-d74b5f036891 ERPQAS ERPQAS 8 2600 16384 02:00:6f:52:00:16 10.1.1.4 172.17.0.35 ROOT 9b832394-f254-4f6d-ba67-ed3979ac9fc6 信息系统域 81e63956-ff38-4ea5-a043-b859ceac0f19 XenServer erp 8CPU-16G-is-netapp-slow 
xs201.gdcloud.com c44934c8-8a3c-4b79-9f92-bad0da86c7b1 i-18-1844-VM 2013-08-21T14:11:01+0800 Running False 61bf0a3f-3a37-4f0f-9de7-c446639337af GDHR-EP GDHR-EP 8 2600 16384 02:00:4b:51:00:0e 10.1.1.3 172.17.0.50 ROOT 9b832394-f254-4f6d-ba67-ed3979ac9fc6 信息系统域 81e63956-ff38-4ea5-a043-b859ceac0f19 XenServer isinternal 8CPU-16G-is-netapp-slow 
xs202.gdcloud.com 0960fe15-b4a4-4847-b077-bcb925714a46 i-10-1842-VM 2013-08-16T16:32:50+0800 Running False a48e0d15-3352-45b0-be29-a563bd09d88e win7-M-test win7-M-test 4 2600 4096 02:00:75:43:00:0c 10.1.1.164 172.17.0.64 ROOT 9b832394-f254-4f6d-ba67-ed3979ac9fc6 信息系统域 81e63956-ff38-4ea5-a043-b859ceac0f19 XenServer dangyuanzhijia 4CPU-4G-is-nfs-slow 
xs211.gdcloud.com 545ee154-610b-4b67-8bc2-1f0483f2c795 i-14-1841-VM 2013-08-13T10:42:29+0800 Running False aae75033-5f39-47e4-9f99-5d2462356b66 EPC-DEMO EPC-DEMO 16 2600 32768 02:00:72:30:00:15 10.1.1.254 172.17.0.29 ROOT 9b832394-f254-4f6d-ba67-ed3979ac9fc6 信息系统域 81e63956-ff38-4ea5-a043-b859ceac0f19 XenServer erp 16CPU-32G-is-z3p1c2-na-slow 
xs211.gdcloud.com 545ee154-610b-4b67-8bc2-1f0483f2c795 i-18-1840-VM 2013-08-13T09:47:12+0800 Running False 1dbdde01-e91e-4042-b8fd-4861cb7e33be SAPHCMT SAPHCMT 16 2600 32768 02:00:3f:6d:00:0c 10.1.1.71 172.17.0.49 ROOT 9b832394-f254-4f6d-ba67-ed3979ac9fc6 信息系统域 81e63956-ff38-4ea5-a043-b859ceac0f19 XenServer isinternal 16CPU-32G-is-z3p1c2-na-slow 
no-host 0 i-18-1839-VM 2013-08-09T13:54:06+0800 Stopped True 2ffbdb4f-1e83-4919-aba5-190505c4554d win7-4 (no)win7-4 4 2600 4096 02:00:4f:f0:00:0b 10.1.1.215 172.17.0.48 ROOT 9b832394-f254-4f6d-ba67-ed3979ac9fc6 信息系统域 81e63956-ff38-4ea5-a043-b859ceac0f19 XenServer isinternal 4CPU-4G-is-z3p1c2-na-slow 
xs211.gdcloud.com 545ee154-610b-4b67-8bc2-1f0483f2c795 i-17-1838-VM 2013-08-08T14:20:32+0800 Running True 343ef42e-74f3-4ebd-aef1-fa69bb8c4bdf DC2 DC2 6 2600 8192 02:00:2d:14:00:04 10.1.1.200 172.17.0.52 ROOT 9b832394-f254-4f6d-ba67-ed3979ac9fc6 信息系统域 81e63956-ff38-4ea5-a043-b859ceac0f19 XenServer xenvip 6CPU-8G-is-z3p1c2-na-slow 
no-host 0 i-18-1837-VM 2013-08-06T15:36:51+0800 Stopped True 11309bc2-df60-44cc-9e60-7f103ed80ddf win7-3 (no)win7-3 4 2600 4096 02:00:14:08:00:0a 10.1.1.60 172.17.0.47 ROOT 9b832394-f254-4f6d-ba67-ed3979ac9fc6 信息系统域 81e63956-ff38-4ea5-a043-b859ceac0f19 XenServer isinternal 4CPU-4G-is-z3p1c2-na-slow 
xs211.gdcloud.com 545ee154-610b-4b67-8bc2-1f0483f2c795 i-18-1836-VM 2013-08-06T15:21:39+0800 Running True 12a721f0-5974-4b12-b461-795c5f5f0008 win7-1 win7-1 4 2600 4096 02:00:75:84:00:09 10.1.1.61 172.17.0.45 ROOT 9b832394-f254-4f6d-ba67-ed3979ac9fc6 信息系统域 81e63956-ff38-4ea5-a043-b859ceac0f19 XenServer isinternal 4CPU-4G-is-z3p1c2-na-slow 
xs212.gdcloud.com 1c35071c-5af0-4ea1-8105-4f541c5186b4 i-18-1834-VM 2013-08-06T10:15:51+0800 Running True 6350dcc3-bf7b-4662-a0b5-5a857f888c90 win7-2 win7-2 4 2600 4096 02:00:7c:97:00:07 10.1.1.65 172.17.0.46 ROOT 9b832394-f254-4f6d-ba67-ed3979ac9fc6 信息系统域 81e63956-ff38-4ea5-a043-b859ceac0f19 XenServer isinternal 4CPU-4G-is-z3p1c2-na-slow 
xs213.gdcloud.com 849645e1-a5df-41be-9107-554ac019de01 i-17-1832-VM 2013-08-06T10:00:13+0800 Running True 0c8c7709-87ae-48c8-8536-db8d6ae5cd5e AD AD 6 2600 8192 02:00:49:55:00:03 10.1.1.127 172.17.0.51 ROOT 9b832394-f254-4f6d-ba67-ed3979ac9fc6 信息系统域 81e63956-ff38-4ea5-a043-b859ceac0f19 XenServer xenvip 6CPU-8G-is-z3p1c2-na-slow 
xs06.gdcloud.com 99b5cd02-19e8-4f6a-b405-a4d82fcd180d i-19-1831-VM 2013-08-05T13:40:04+0800 Running False baeba622-fa1e-4410-9073-83a10d206e93 HD-WEB HD-WEB 4 2600 8192 02:00:0c:33:00:04 10.1.1.43 192.168.31.13 ROOT 9b832394-f254-4f6d-ba67-ed3979ac9fc6 生产系统资源域 8e19be3a-c953-4dec-aa74-857226de927c XenServer dianzhan 4CPU-8G-na-slow-xen 
xs212.gdcloud.com 1c35071c-5af0-4ea1-8105-4f541c5186b4 i-18-1829-VM 2013-08-02T18:04:11+0800 Running False c4ec7ec4-0a89-49c5-b2c2-73d42bab6f2b ERP-HCM-DEV ERP-HCM-DEV 16 2600 32768 02:00:1e:7a:00:05 10.1.1.36 172.17.0.44 ROOT 9b832394-f254-4f6d-ba67-ed3979ac9fc6 信息系统域 81e63956-ff38-4ea5-a043-b859ceac0f19 XenServer isinternal 16CPU-32G-is-z3p1c2-na-slow 
xs213.gdcloud.com 849645e1-a5df-41be-9107-554ac019de01 i-18-1828-VM 2013-08-02T17:48:58+0800 Running False aa5e35ca-f2f1-4b04-aba6-d04641335d02 filemanage filemanage 8 2600 16384 02:00:4c:21:00:04 10.1.1.126 172.17.0.43 ROOT 9b832394-f254-4f6d-ba67-ed3979ac9fc6 信息系统域 81e63956-ff38-4ea5-a043-b859ceac0f19 XenServer isinternal 8CPU-16G-is-z3p1c2-na-slow 
xs53.gdcloud.com ec5a157d-4b6c-4d30-93e8-06cc7a81642a i-15-1827-VM 2013-07-26T11:00:47+0800 Running False c5aec13c-76f9-4a03-95d7-5b0025ff2e8a data-transmit1 data-transmit1 4 2600 8192 02:00:34:5c:00:4d 10.1.1.210 192.168.31.54 ROOT 9b832394-f254-4f6d-ba67-ed3979ac9fc6 生产系统资源域 8e19be3a-c953-4dec-aa74-857226de927c XenServer gdupc 4CPU-8G-gdupc-nfs-slow 
xs226.gdcloud.com 82bb8be7-15b4-4716-9bf3-5169182118bf i-15-1825-VM 2013-07-25T17:10:07+0800 Running False 06f14405-3643-4959-8030-3c5a2246cc05 SJZX34 (no)SJZX34 2 2600 4096 02:00:22:17:00:4b 10.1.1.164 192.168.31.156 ROOT 9b832394-f254-4f6d-ba67-ed3979ac9fc6 生产系统资源域 8e19be3a-c953-4dec-aa74-857226de927c XenServer gdupc 2CPU-4G-gdupc-nfs-slow 
xs53.gdcloud.com ec5a157d-4b6c-4d30-93e8-06cc7a81642a i-15-1824-VM 2013-07-25T17:09:23+0800 Running False 808dc46f-151f-44ca-9834-f2900a62168c SJZX33 (no)SJZX33 2 2600 4096 02:00:53:89:00:4a 10.1.1.38 192.168.31.155 ROOT 9b832394-f254-4f6d-ba67-ed3979ac9fc6 生产系统资源域 8e19be3a-c953-4dec-aa74-857226de927c XenServer gdupc 2CPU-4G-gdupc-nfs-slow 
xs53.gdcloud.com ec5a157d-4b6c-4d30-93e8-06cc7a81642a i-15-1823-VM 2013-07-25T16:26:22+0800 Running False da9bb093-006d-4a4c-9d59-d2d34cd2fead SJZX32 (no)SJZX32 2 2600 4096 02:00:40:32:00:49 10.1.1.73 192.168.31.154 ROOT 9b832394-f254-4f6d-ba67-ed3979ac9fc6 生产系统资源域 8e19be3a-c953-4dec-aa74-857226de927c XenServer gdupc 2CPU-4G-gdupc-nfs-slow 
xs52.gdcloud.com 9fd0fce4-6c8c-45c9-a9d8-0649a8d627c3 i-15-1822-VM 2013-07-25T16:25:19+0800 Running False 2bc427b4-3f6e-44ca-b626-4a083db85158 SJZX31 (no)SJZX31 2 2600 4096 02:00:5a:ec:00:48 10.1.1.189 192.168.31.153 ROOT 9b832394-f254-4f6d-ba67-ed3979ac9fc6 生产系统资源域 8e19be3a-c953-4dec-aa74-857226de927c XenServer gdupc 2CPU-4G-gdupc-nfs-slow 
xs53.gdcloud.com ec5a157d-4b6c-4d30-93e8-06cc7a81642a i-15-1821-VM 2013-07-25T16:10:08+0800 Running False f138a248-336c-4d78-ac94-10ee0e21a931 SJZX30 (no)SJZX30 2 2600 4096 02:00:7e:21:00:47 10.1.1.250 192.168.31.34 ROOT 9b832394-f254-4f6d-ba67-ed3979ac9fc6 生产系统资源域 8e19be3a-c953-4dec-aa74-857226de927c XenServer gdupc 2CPU-4G-gdupc-nfs-slow 
xs203.gdcloud.com d102a8f5-089d-4a71-a7d1-30fcca5c7885 i-16-1819-VM 2013-07-24T14:41:48+0800 Running False 3cb41754-cf1e-4b2d-afbe-fccb7c7deb0e test01-1month 风电场生产管理系统 4 2600 4096 02:00:00:a5:00:0c 10.1.1.83 172.17.0.38 ROOT 9b832394-f254-4f6d-ba67-ed3979ac9fc6 信息系统域 81e63956-ff38-4ea5-a043-b859ceac0f19 XenServer jituanoamis 4CPU-4G-is-nfs-slow 
xs06.gdcloud.com 99b5cd02-19e8-4f6a-b405-a4d82fcd180d i-19-1817-VM 2013-07-23T17:39:59+0800 Running False c59c4869-9557-4c30-a121-f49ea132486b HD-TREN HD-TREN 2 2600 4096 02:00:06:31:00:01 10.1.1.209 192.168.31.191 ROOT 9b832394-f254-4f6d-ba67-ed3979ac9fc6 生产系统资源域 8e19be3a-c953-4dec-aa74-857226de927c XenServer dianzhan 2CPU-4G-NA-SLOW-XEN 
xs201.gdcloud.com c44934c8-8a3c-4b79-9f92-bad0da86c7b1 i-14-1816-VM 2013-07-16T12:45:43+0800 Running False bcbc8eb8-4dbc-4ace-bbef-ddef1669033c SAPPIT SAPPIT 8 2600 16384 02:00:0f:c6:00:14 10.1.1.198 172.17.0.34 ROOT 9b832394-f254-4f6d-ba67-ed3979ac9fc6 信息系统域 81e63956-ff38-4ea5-a043-b859ceac0f19 XenServer erp 8CPU-16G-is-netapp-slow 
xs202.gdcloud.com 0960fe15-b4a4-4847-b077-bcb925714a46 i-14-1815-VM 2013-07-16T12:32:37+0800 Running False b9410394-156f-4904-80d5-749f53132cf8 SAPPT SAPPT 8 2600 16384 02:00:2b:ab:00:13 10.1.1.243 172.17.0.33 ROOT 9b832394-f254-4f6d-ba67-ed3979ac9fc6 信息系统域 81e63956-ff38-4ea5-a043-b859ceac0f19 XenServer erp 8CPU-16G-is-netapp-slow 
xs202.gdcloud.com 0960fe15-b4a4-4847-b077-bcb925714a46 i-14-1814-VM 2013-07-16T10:33:10+0800 Running False c467c0c0-68d2-4690-a05e-8695b21c8b79 SAPERPT SAPERPT 8 2600 16384 02:00:52:80:00:12 10.1.1.86 172.17.0.32 ROOT 9b832394-f254-4f6d-ba67-ed3979ac9fc6 信息系统域 81e63956-ff38-4ea5-a043-b859ceac0f19 XenServer erp 8CPU-16G-is-netapp-slow 
xs203.gdcloud.com d102a8f5-089d-4a71-a7d1-30fcca5c7885 i-14-1813-VM 2013-07-16T10:11:28+0800 Running False 7bfcf807-f400-4dbe-8467-88820ae1a0b1 SAPSRMT SAPSRMT 8 2600 16384 02:00:52:25:00:11 10.1.1.183 172.17.0.31 ROOT 9b832394-f254-4f6d-ba67-ed3979ac9fc6 信息系统域 81e63956-ff38-4ea5-a043-b859ceac0f19 XenServer erp 8CPU-16G-is-netapp-slow 
xs204.gdcloud.com 67e41861-b793-47df-91ba-1e0507670013 i-14-1812-VM 2013-07-15T14:23:41+0800 Running False 65000cba-c6ea-4a75-862c-1c47b5e74049 SAPPI SAPPI 8 2600 16384 02:00:78:a0:00:10 10.1.1.142 172.17.0.30 ROOT 9b832394-f254-4f6d-ba67-ed3979ac9fc6 信息系统域 81e63956-ff38-4ea5-a043-b859ceac0f19 XenServer erp 8CPU-16G-is-netapp-slow 
xs203.gdcloud.com d102a8f5-089d-4a71-a7d1-30fcca5c7885 i-14-1809-VM 2013-07-11T10:51:05+0800 Running False 103f3aed-cb46-4caf-9ee2-efc7e6daf539 saped saped 8 2600 32768 02:00:3f:8c:00:0d 10.1.1.199 172.17.0.28 ROOT 9b832394-f254-4f6d-ba67-ed3979ac9fc6 信息系统域 81e63956-ff38-4ea5-a043-b859ceac0f19 XenServer erp 8CPU-32G-is-nfs-fast 
xs203.gdcloud.com d102a8f5-089d-4a71-a7d1-30fcca5c7885 i-14-1808-VM 2013-07-11T09:39:43+0800 Running False 4c3c87bc-735b-4121-9f0a-8ebb15799ae8 SAPSD SAPSD 8 2600 32768 02:00:05:73:00:0c 10.1.1.158 172.17.0.27 ROOT 9b832394-f254-4f6d-ba67-ed3979ac9fc6 信息系统域 81e63956-ff38-4ea5-a043-b859ceac0f19 XenServer erp 8CPU-32G-is-nfs-fast 
xs202.gdcloud.com 0960fe15-b4a4-4847-b077-bcb925714a46 i-10-1807-VM 2013-07-08T16:31:00+0800 Running False 901f4538-3c29-4b0f-bb3c-47f2f2e5728c webportal webportal 6 2600 8192 02:00:27:6e:00:0b 10.1.1.195 172.17.0.26 ROOT 9b832394-f254-4f6d-ba67-ed3979ac9fc6 信息系统域 81e63956-ff38-4ea5-a043-b859ceac0f19 XenServer dangyuanzhijia 6CPU-8G-is-nfs-slow 
xs204.gdcloud.com 67e41861-b793-47df-91ba-1e0507670013 i-14-1806-VM 2013-07-08T14:11:06+0800 Running False c10a8457-b933-4aba-924d-a020dedaabcb SAPIDES SAPIDES 8 2600 16384 02:00:55:e0:00:0b 10.1.1.98 172.17.0.19 ROOT 9b832394-f254-4f6d-ba67-ed3979ac9fc6 信息系统域 81e63956-ff38-4ea5-a043-b859ceac0f19 XenServer erp 8CPU-16G-10G-is-lun-fast 
xs53.gdcloud.com ec5a157d-4b6c-4d30-93e8-06cc7a81642a i-15-1797-VM 2013-06-21T16:18:00+0800 Running False ea6798e1-963c-4562-83c0-b1fd37d0675f SJZX29 SJZX29 2 2600 4096 02:00:3b:b2:00:3e 10.1.1.212 192.168.31.33 ROOT 9b832394-f254-4f6d-ba67-ed3979ac9fc6 生产系统资源域 8e19be3a-c953-4dec-aa74-857226de927c XenServer gdupc 2CPU-4G-gdupc-nfs-slow 
xs51.gdcloud.com 322b5ff5-0afb-4a15-9c5c-e3f0adba90e9 i-15-1795-VM 2013-06-21T16:14:46+0800 Running False 7a1aefe8-8006-4034-a4b2-4d8c87bd96db SJZX27 SJZX27 2 2600 4096 02:00:2b:5b:00:3c 10.1.1.163 192.168.31.31 ROOT 9b832394-f254-4f6d-ba67-ed3979ac9fc6 生产系统资源域 8e19be3a-c953-4dec-aa74-857226de927c XenServer gdupc 2CPU-4G-gdupc-nfs-slow 
xs53.gdcloud.com ec5a157d-4b6c-4d30-93e8-06cc7a81642a i-15-1794-VM 2013-06-21T16:13:32+0800 Running False b556f8d5-2404-466c-8ded-71a6b9c5ded6 SJZX26 SJZX26 2 2600 4096 02:00:43:e3:00:3b 10.1.1.61 192.168.31.146 ROOT 9b832394-f254-4f6d-ba67-ed3979ac9fc6 生产系统资源域 8e19be3a-c953-4dec-aa74-857226de927c XenServer gdupc 2CPU-4G-gdupc-nfs-slow 
xs226.gdcloud.com 82bb8be7-15b4-4716-9bf3-5169182118bf i-15-1793-VM 2013-06-21T16:03:32+0800 Running False 1a402853-b780-4010-98a4-1d4f7ce50e83 SJZX16 SJZX16 4 2600 4096 02:00:38:70:00:3a 10.1.1.27 192.168.31.62 ROOT 9b832394-f254-4f6d-ba67-ed3979ac9fc6 生产系统资源域 8e19be3a-c953-4dec-aa74-857226de927c XenServer gdupc 4CPU-4G-gdupc-nfs-slow 
xs51.gdcloud.com 322b5ff5-0afb-4a15-9c5c-e3f0adba90e9 i-15-1792-VM 2013-06-21T15:31:18+0800 Running False 402d1127-dbe3-44fc-ad5f-635fbd665917 SJZX15 SJZX15 4 2600 4096 02:00:27:44:00:39 10.1.1.208 192.168.31.48 ROOT 9b832394-f254-4f6d-ba67-ed3979ac9fc6 生产系统资源域 8e19be3a-c953-4dec-aa74-857226de927c XenServer gdupc 4CPU-4G-gdupc-nfs-slow 
xs51.gdcloud.com 322b5ff5-0afb-4a15-9c5c-e3f0adba90e9 i-15-1791-VM 2013-06-21T10:51:27+0800 Running False 93e43ac2-4b2f-4a41-94c7-b646ea93c56c SJZX25 SJZX25 2 2600 4096 02:00:42:25:00:38 10.1.1.218 192.168.31.24 ROOT 9b832394-f254-4f6d-ba67-ed3979ac9fc6 生产系统资源域 8e19be3a-c953-4dec-aa74-857226de927c XenServer gdupc 2CPU-4G-gdupc-nfs-slow 
xs53.gdcloud.com ec5a157d-4b6c-4d30-93e8-06cc7a81642a i-15-1790-VM 2013-06-21T10:50:23+0800 Running False 0759443a-c7ae-4c8a-a54a-591ad1632123 SJZX24 SJZX24 2 2600 4096 02:00:2b:bb:00:37 10.1.1.183 192.168.31.19 ROOT 9b832394-f254-4f6d-ba67-ed3979ac9fc6 生产系统资源域 8e19be3a-c953-4dec-aa74-857226de927c XenServer gdupc 2CPU-4G-gdupc-nfs-slow 
xs51.gdcloud.com 322b5ff5-0afb-4a15-9c5c-e3f0adba90e9 i-15-1789-VM 2013-06-21T10:49:25+0800 Running False 66474fab-edb1-4ebe-a407-bc15ecf75fbc SJZX23 SJZX23 4 2600 8192 02:00:78:ab:00:36 10.1.1.128 192.168.31.18 ROOT 9b832394-f254-4f6d-ba67-ed3979ac9fc6 生产系统资源域 8e19be3a-c953-4dec-aa74-857226de927c XenServer gdupc 4CPU-8G-gdupc-nfs-slow 
xs53.gdcloud.com ec5a157d-4b6c-4d30-93e8-06cc7a81642a i-15-1788-VM 2013-06-21T10:48:55+0800 Running False 29139a4c-f683-48b7-9903-34526b81bf73 SJZX22 SJZX22 2 2600 4096 02:00:04:ce:00:35 10.1.1.46 192.168.31.17 ROOT 9b832394-f254-4f6d-ba67-ed3979ac9fc6 生产系统资源域 8e19be3a-c953-4dec-aa74-857226de927c XenServer gdupc 2CPU-4G-gdupc-nfs-slow 
xs53.gdcloud.com ec5a157d-4b6c-4d30-93e8-06cc7a81642a i-15-1787-VM 2013-06-21T10:32:18+0800 Running False c3f2ac6b-2d0e-491a-9dcc-cbb8bc2c43ff SJZX21 SJZX21 4 2600 4096 02:00:57:6e:00:34 10.1.1.58 192.168.31.16 ROOT 9b832394-f254-4f6d-ba67-ed3979ac9fc6 生产系统资源域 8e19be3a-c953-4dec-aa74-857226de927c XenServer gdupc 4CPU-4G-gdupc-nfs-slow 
xs52.gdcloud.com 9fd0fce4-6c8c-45c9-a9d8-0649a8d627c3 i-15-1786-VM 2013-06-21T09:29:12+0800 Running False 13708b16-199c-421f-98c5-6687aafef3a4 SJZX20 SJZX20 4 2600 4096 02:00:54:27:00:33 10.1.1.216 192.168.31.15 ROOT 9b832394-f254-4f6d-ba67-ed3979ac9fc6 生产系统资源域 8e19be3a-c953-4dec-aa74-857226de927c XenServer gdupc 4CPU-4G-gdupc-nfs-slow 
xs52.gdcloud.com 9fd0fce4-6c8c-45c9-a9d8-0649a8d627c3 i-15-1785-VM 2013-06-21T09:28:35+0800 Running False 6133785a-48a7-4765-b8bf-3f7b9c6d1227 SJZX19 SJZX19 4 2600 4096 02:00:38:cb:00:32 10.1.1.205 192.168.31.193 ROOT 9b832394-f254-4f6d-ba67-ed3979ac9fc6 生产系统资源域 8e19be3a-c953-4dec-aa74-857226de927c XenServer gdupc 4CPU-4G-gdupc-nfs-slow 
xs52.gdcloud.com 9fd0fce4-6c8c-45c9-a9d8-0649a8d627c3 i-15-1784-VM 2013-06-21T09:27:56+0800 Running False 2ae84430-79c4-4929-8440-d70d435646cb SJZX18 SJZX18 4 2600 4096 02:00:2c:dd:00:31 10.1.1.243 192.168.31.197 ROOT 9b832394-f254-4f6d-ba67-ed3979ac9fc6 生产系统资源域 8e19be3a-c953-4dec-aa74-857226de927c XenServer gdupc 4CPU-4G-gdupc-nfs-slow 
xs226.gdcloud.com 82bb8be7-15b4-4716-9bf3-5169182118bf i-15-1783-VM 2013-06-20T17:33:42+0800 Running False 7d1b54c9-23d8-471a-85b8-c701eb324a03 SJZX17 SJZX17 4 2600 4096 02:00:0b:ed:00:30 10.1.1.187 192.168.31.88 ROOT 9b832394-f254-4f6d-ba67-ed3979ac9fc6 生产系统资源域 8e19be3a-c953-4dec-aa74-857226de927c XenServer gdupc 4CPU-4G-gdupc-nfs-slow 
xs06.gdcloud.com 99b5cd02-19e8-4f6a-b405-a4d82fcd180d i-12-1398-VM 2013-04-19T10:55:50+0800 Running False f91feb9b-6e4d-43e8-ad89-79b0cbc37208 nagios02 nagios02 2 4000 4096 02:00:3d:a0:00:03 10.1.1.5 192.168.31.12 ROOT 9b832394-f254-4f6d-ba67-ed3979ac9fc6 生产系统资源域 8e19be3a-c953-4dec-aa74-857226de927c XenServer ruanjianyanfa 2CPU-4G 
xs06.gdcloud.com 99b5cd02-19e8-4f6a-b405-a4d82fcd180d i-15-1397-VM 2013-04-16T14:23:28+0800 Running False 071a5a88-bb26-4795-86ad-68b9e13b06f5 modbus2 modbus2 2 2600 8192 02:00:69:82:00:16 10.1.1.252 192.168.31.170 ROOT 9b832394-f254-4f6d-ba67-ed3979ac9fc6 生产系统资源域 8e19be3a-c953-4dec-aa74-857226de927c XenServer gdupc 2CPU-8G-primary-nfs-slow 
no-host 0 i-2-1780-VM 2013-06-17T13:49:49+0800 Stopped False c6440298-b50d-4d99-ab36-120ceb4f0382 digitalpw (no)digitalpw 2 2600 4096 02:00:62:27:00:0b 10.1.1.169 192.168.31.151 ROOT 9b832394-f254-4f6d-ba67-ed3979ac9fc6 生产系统资源域 8e19be3a-c953-4dec-aa74-857226de927c XenServer admin 2CPU-4G-gdupc-nfs-slow 
xs04 ea62fda7-2b91-43ff-926a-32c277676a38 i-15-1396-VM 2013-04-16T14:20:02+0800 Running False 464a5c1f-1517-4b48-a199-1f5ac8b8e756 modbus1 modbus1 2 2600 8192 02:00:2e:26:00:15 10.1.1.72 192.168.31.7 ROOT 9b832394-f254-4f6d-ba67-ed3979ac9fc6 生产系统资源域 8e19be3a-c953-4dec-aa74-857226de927c XenServer gdupc 2CPU-8G-primary-nfs-slow 
xs51.gdcloud.com 322b5ff5-0afb-4a15-9c5c-e3f0adba90e9 i-15-1779-VM 2013-06-17T10:44:46+0800 Running False 2869df1e-f833-40ae-9705-92f9feb38394 data-transmit data-transmit 4 2600 4096 02:00:14:30:00:2d 10.1.1.43 192.168.31.139 ROOT 9b832394-f254-4f6d-ba67-ed3979ac9fc6 生产系统资源域 8e19be3a-c953-4dec-aa74-857226de927c XenServer gdupc 4CPU-4G-gdupc-nfs-slow 
no-host 0 i-18-1778-VM 2013-06-14T10:24:16+0800 Stopped False c8e753d5-4f22-466c-b920-75af4c993849 mobilOA (tetst)mobilOA 4 2600 4096 02:00:32:8b:00:03 10.1.1.82 172.17.0.25 ROOT 9b832394-f254-4f6d-ba67-ed3979ac9fc6 信息系统域 81e63956-ff38-4ea5-a043-b859ceac0f19 XenServer isinternal 4CPU-4G-is-nfs-slow 
xs201.gdcloud.com c44934c8-8a3c-4b79-9f92-bad0da86c7b1 i-16-1777-VM 2013-06-13T16:49:37+0800 Running False bcaaaa86-a556-4698-ab44-9a177e38683c vm001 oarelease-is 4 2600 6144 02:00:49:37:00:0b 10.1.1.157 172.17.0.10 ROOT 9b832394-f254-4f6d-ba67-ed3979ac9fc6 信息系统域 81e63956-ff38-4ea5-a043-b859ceac0f19 XenServer jituanoamis 4CPU-6G-is-nfs-slow 
xs203.gdcloud.com d102a8f5-089d-4a71-a7d1-30fcca5c7885 i-14-1776-VM 2013-06-13T15:21:03+0800 Running False bc5c83c1-a66b-4dfa-86fd-f53292e996fd is-SVN is-SVN 4 2600 4096 02:00:02:a7:00:0a 10.1.1.32 172.17.0.24 ROOT 9b832394-f254-4f6d-ba67-ed3979ac9fc6 信息系统域 81e63956-ff38-4ea5-a043-b859ceac0f19 XenServer erp 4CPU-4G-is-nfs-slow 
xs52.gdcloud.com 9fd0fce4-6c8c-45c9-a9d8-0649a8d627c3 i-15-1770-VM 2013-06-07T13:04:42+0800 Running False ee72300d-71f0-4f62-908c-ade9ace1b23e data-receive data-receive 4 2600 4096 02:00:4d:a5:00:2c 10.1.1.151 192.168.31.45 ROOT 9b832394-f254-4f6d-ba67-ed3979ac9fc6 生产系统资源域 8e19be3a-c953-4dec-aa74-857226de927c XenServer gdupc 4CPU-4G-gdupc-nfs-slow 
xs226.gdcloud.com 82bb8be7-15b4-4716-9bf3-5169182118bf i-15-1768-VM 2013-06-07T11:49:06+0800 Running False c45f5730-0b2e-44dc-a4bf-648a64011c1c SJZX-14 SJZX-14 4 2600 4096 02:00:44:e8:00:2b 10.1.1.42 192.168.31.46 ROOT 9b832394-f254-4f6d-ba67-ed3979ac9fc6 生产系统资源域 8e19be3a-c953-4dec-aa74-857226de927c XenServer gdupc 4CPU-4G-gdupc-nfs-slow 
xs226.gdcloud.com 82bb8be7-15b4-4716-9bf3-5169182118bf i-15-1767-VM 2013-06-07T11:48:17+0800 Running False 9c009d95-6a4e-447c-b5cf-08a691601964 SJZX-13 SJZX-13 4 2600 4096 02:00:04:29:00:2a 10.1.1.206 192.168.31.47 ROOT 9b832394-f254-4f6d-ba67-ed3979ac9fc6 生产系统资源域 8e19be3a-c953-4dec-aa74-857226de927c XenServer gdupc 4CPU-4G-gdupc-nfs-slow 
xs226.gdcloud.com 82bb8be7-15b4-4716-9bf3-5169182118bf i-15-1766-VM 2013-06-07T11:47:28+0800 Running False fd684af1-b35c-450e-99a1-c1cff50b0883 SJZX-12 SJZX-12 2 2600 4096 02:00:6e:fc:00:29 10.1.1.226 192.168.31.70 ROOT 9b832394-f254-4f6d-ba67-ed3979ac9fc6 生产系统资源域 8e19be3a-c953-4dec-aa74-857226de927c XenServer gdupc 2CPU-4G-gdupc-nfs-slow 
xs53.gdcloud.com ec5a157d-4b6c-4d30-93e8-06cc7a81642a i-15-1765-VM 2013-06-07T11:46:17+0800 Running False b5f6c1f5-5f71-47b2-ab77-07fc982c8493 SJZX-11 SJZX-11 4 2600 4096 02:00:79:1f:00:28 10.1.1.221 192.168.31.42 ROOT 9b832394-f254-4f6d-ba67-ed3979ac9fc6 生产系统资源域 8e19be3a-c953-4dec-aa74-857226de927c XenServer gdupc 4CPU-4G-gdupc-nfs-slow 
xs53.gdcloud.com ec5a157d-4b6c-4d30-93e8-06cc7a81642a i-15-1764-VM 2013-06-07T11:45:38+0800 Running False a5b44e97-d028-4493-96b1-5b2a763d43ce SJZX-10 SJZX-10 4 2600 4096 02:00:21:21:00:27 10.1.1.129 192.168.31.44 ROOT 9b832394-f254-4f6d-ba67-ed3979ac9fc6 生产系统资源域 8e19be3a-c953-4dec-aa74-857226de927c XenServer gdupc 4CPU-4G-gdupc-nfs-slow 
xs51.gdcloud.com 322b5ff5-0afb-4a15-9c5c-e3f0adba90e9 i-15-1763-VM 2013-06-07T11:44:41+0800 Running False 25b1aef5-6235-4b28-9935-dc2d3e468792 SJZX-09 SJZX-09 4 2600 4096 02:00:4c:53:00:26 10.1.1.150 192.168.31.150 ROOT 9b832394-f254-4f6d-ba67-ed3979ac9fc6 生产系统资源域 8e19be3a-c953-4dec-aa74-857226de927c XenServer gdupc 4CPU-4G-gdupc-nfs-slow 
xs53.gdcloud.com ec5a157d-4b6c-4d30-93e8-06cc7a81642a i-15-1762-VM 2013-06-07T11:43:41+0800 Running False 021e31fd-faf7-42ba-aa04-88c0e6d56e5f SJZX-08 SJZX-08 4 2600 4096 02:00:42:ee:00:25 10.1.1.13 192.168.31.172 ROOT 9b832394-f254-4f6d-ba67-ed3979ac9fc6 生产系统资源域 8e19be3a-c953-4dec-aa74-857226de927c XenServer gdupc 4CPU-4G-gdupc-nfs-slow 
xs51.gdcloud.com 322b5ff5-0afb-4a15-9c5c-e3f0adba90e9 i-15-1761-VM 2013-06-07T11:42:20+0800 Running False bb90bd6c-a5d8-47d1-8b92-e6fb9fb30cfa SJZX-07 SJZX-07 2 2600 4096 02:00:30:30:00:24 10.1.1.84 192.168.31.173 ROOT 9b832394-f254-4f6d-ba67-ed3979ac9fc6 生产系统资源域 8e19be3a-c953-4dec-aa74-857226de927c XenServer gdupc 2CPU-4G-gdupc-nfs-slow 
xs226.gdcloud.com 82bb8be7-15b4-4716-9bf3-5169182118bf i-15-1760-VM 2013-06-07T11:41:04+0800 Running False c47be55a-fc46-4188-ae6d-308267c3fd71 SJZX-06 SJZX-06 2 2600 4096 02:00:7c:01:00:23 10.1.1.66 192.168.31.186 ROOT 9b832394-f254-4f6d-ba67-ed3979ac9fc6 生产系统资源域 8e19be3a-c953-4dec-aa74-857226de927c XenServer gdupc 2CPU-4G-gdupc-nfs-slow 
xs226.gdcloud.com 82bb8be7-15b4-4716-9bf3-5169182118bf i-15-1759-VM 2013-06-07T11:40:21+0800 Running False 300f54ef-a137-4e90-99a1-3c6bdd92c78c SJZX-05 SJZX-05 4 2600 4096 02:00:4b:bd:00:22 10.1.1.85 192.168.31.67 ROOT 9b832394-f254-4f6d-ba67-ed3979ac9fc6 生产系统资源域 8e19be3a-c953-4dec-aa74-857226de927c XenServer gdupc 4CPU-4G-gdupc-nfs-slow 
xs226.gdcloud.com 82bb8be7-15b4-4716-9bf3-5169182118bf i-15-1758-VM 2013-06-07T11:38:29+0800 Running False 2e545392-13e8-42bb-a4a1-f8b815cebaf1 SJZX-04 SJZX-04 4 2600 8192 02:00:3b:98:00:21 10.1.1.207 192.168.31.68 ROOT 9b832394-f254-4f6d-ba67-ed3979ac9fc6 生产系统资源域 8e19be3a-c953-4dec-aa74-857226de927c XenServer gdupc 4CPU-8G-gdupc-nfs-slow 
xs51.gdcloud.com 322b5ff5-0afb-4a15-9c5c-e3f0adba90e9 i-15-1757-VM 2013-06-07T10:03:46+0800 Running False 3080625a-1057-4079-9b6e-a32c3e3e6c77 SJZX03 SJZX03 4 2600 8192 02:00:70:6b:00:20 10.1.1.5 192.168.31.87 ROOT 9b832394-f254-4f6d-ba67-ed3979ac9fc6 生产系统资源域 8e19be3a-c953-4dec-aa74-857226de927c XenServer gdupc 4CPU-8G-gdupc-nfs-slow 
xs52.gdcloud.com 9fd0fce4-6c8c-45c9-a9d8-0649a8d627c3 i-15-1752-VM 2013-06-06T16:10:11+0800 Running False 07dacea7-654a-44a4-9b91-6d34c8ac3ede SJZX02 SJZX02 4 2600 8192 02:00:6e:5c:00:1f 10.1.1.76 192.168.31.56 ROOT 9b832394-f254-4f6d-ba67-ed3979ac9fc6 生产系统资源域 8e19be3a-c953-4dec-aa74-857226de927c XenServer gdupc 4CPU-8G-gdupc-nfs-slow 
xs226.gdcloud.com 82bb8be7-15b4-4716-9bf3-5169182118bf i-15-1751-VM 2013-06-06T15:43:19+0800 Running False 65e7f07e-d7e5-49ae-ada4-61da0c1ceab7 SJZX01 SJZX01 2 2600 4096 02:00:5f:76:00:1e 10.1.1.234 192.168.31.57 ROOT 9b832394-f254-4f6d-ba67-ed3979ac9fc6 生产系统资源域 8e19be3a-c953-4dec-aa74-857226de927c XenServer gdupc 2CPU-4G-gdupc-nfs-slow 
xs201.gdcloud.com c44934c8-8a3c-4b79-9f92-bad0da86c7b1 i-10-1748-VM 2013-06-05T10:15:21+0800 Running False bdee7d56-40b0-46d3-870b-c6a7ced552a8 tianren-web-db-is tianren-web-db-is 4 2600 6144 02:00:42:12:00:0a 10.1.1.37 172.17.0.22 ROOT 9b832394-f254-4f6d-ba67-ed3979ac9fc6 信息系统域 81e63956-ff38-4ea5-a043-b859ceac0f19 XenServer dangyuanzhijia 4CPU-6G-is-nfs-slow 
xs201.gdcloud.com c44934c8-8a3c-4b79-9f92-bad0da86c7b1 i-10-1747-VM 2013-06-05T10:14:18+0800 Running False 395f6515-77a3-41e6-a491-78013c45fb43 tianren-web-is tianren-web-is 4 2600 6144 02:00:71:27:00:09 10.1.1.153 172.17.0.15 ROOT 9b832394-f254-4f6d-ba67-ed3979ac9fc6 信息系统域 81e63956-ff38-4ea5-a043-b859ceac0f19 XenServer dangyuanzhijia 4CPU-6G-is-nfs-slow 
xs204.gdcloud.com 67e41861-b793-47df-91ba-1e0507670013 i-18-1737-VM 2013-05-31T16:40:56+0800 Running False 90f77958-e753-4d2a-ad50-8f0cddb338af depmanage depmanage 4 2600 4096 02:00:06:cd:00:01 10.1.1.214 172.17.0.18 ROOT 9b832394-f254-4f6d-ba67-ed3979ac9fc6 信息系统域 81e63956-ff38-4ea5-a043-b859ceac0f19 XenServer isinternal 4CPU-4G-is-nfs-slow 
no-host 0 i-7-1352-VM 2013-04-03T13:40:56+0800 Stopped False b3853e37-0d00-4671-9729-18b9e68b706b TAIQI-DATA-COLLECT TAIQI-DATA-COLLECT 2 2600 2048 02:00:4e:58:00:39 10.1.1.213 192.168.31.72 ROOT 9b832394-f254-4f6d-ba67-ed3979ac9fc6 生产系统资源域 8e19be3a-c953-4dec-aa74-857226de927c XenServer fengce 2CPU-2G 
xs07 4e481ee9-1b35-4b06-8c65-01b07da67d76 i-7-1351-VM 2013-04-03T13:40:01+0800 Running False bd87009c-47bb-4a69-ace3-2e71b638b0d2 TAIQI-WEB-SERVER TAIQI-WEB-SERVER 2 2600 2048 02:00:6a:2b:00:38 10.1.1.66 192.168.31.145 ROOT 9b832394-f254-4f6d-ba67-ed3979ac9fc6 生产系统资源域 8e19be3a-c953-4dec-aa74-857226de927c XenServer fengce 2CPU-2G 
xs07 4e481ee9-1b35-4b06-8c65-01b07da67d76 i-7-1350-VM 2013-04-03T13:38:54+0800 Running True 6337b7d5-602c-4b0a-9d1d-f1538b8e9781 TAIQI-FILE-UPLOAD TAIQI-FILE-UPLOAD 2 2600 3072 02:00:77:fb:00:37 10.1.1.127 192.168.31.160 ROOT 9b832394-f254-4f6d-ba67-ed3979ac9fc6 生产系统资源域 8e19be3a-c953-4dec-aa74-857226de927c XenServer fengce 2CPU-3G-HA 
xs04 ea62fda7-2b91-43ff-926a-32c277676a38 i-7-1349-VM 2013-04-03T13:37:44+0800 Running True 6791ab06-3aea-4cc4-b3b5-d394756c6dc0 TAIQI-LOCALPRED TAIQI-LOCALPRED 2 2600 2048 02:00:7d:0a:00:36 10.1.1.90 192.168.31.29 ROOT 9b832394-f254-4f6d-ba67-ed3979ac9fc6 生产系统资源域 8e19be3a-c953-4dec-aa74-857226de927c XenServer fengce 2CPU-2G-500M-HA 
xs201.gdcloud.com c44934c8-8a3c-4b79-9f92-bad0da86c7b1 i-10-1722-VM 2013-05-27T12:59:40+0800 Running False fa6766a2-ef41-4796-9773-38d6ef3861ca videoserver-is1 tianren-forum 4 2600 8192 02:00:5d:76:00:05 10.1.1.239 172.17.0.12 ROOT 9b832394-f254-4f6d-ba67-ed3979ac9fc6 信息系统域 81e63956-ff38-4ea5-a043-b859ceac0f19 XenServer dangyuanzhijia 4CPU-8G-is-nfs-slow 
xs07 4e481ee9-1b35-4b06-8c65-01b07da67d76 i-7-1720-VM 2013-05-24T14:17:11+0800 Running False 31266311-83d5-4f98-a1a0-95fa97c6cb29 WPFVeStore2 WPFVeStore2 2 2600 3072 02:00:2f:43:00:3c 10.1.1.121 192.168.31.2 ROOT 9b832394-f254-4f6d-ba67-ed3979ac9fc6 生产系统资源域 8e19be3a-c953-4dec-aa74-857226de927c XenServer fengce 2CPU-3G-nfs-slow 
xs201.gdcloud.com c44934c8-8a3c-4b79-9f92-bad0da86c7b1 i-17-1715-VM 2013-05-21T09:34:16+0800 Running False 049d7761-7420-4164-81b5-ae138695d4bb email email 4 2600 4096 02:00:5d:d1:00:01 10.1.1.102 172.17.0.17 ROOT 9b832394-f254-4f6d-ba67-ed3979ac9fc6 信息系统域 81e63956-ff38-4ea5-a043-b859ceac0f19 XenServer xenvip 4CPU-4G-is-nfs-slow 
xs204.gdcloud.com 67e41861-b793-47df-91ba-1e0507670013 i-16-1709-VM 2013-05-17T10:25:46+0800 Running False 1ffe3e81-08e7-4e56-b11a-2f4d827eea93 jituanmis-is3 jituanmis-is3 2 2600 4096 02:00:2c:45:00:04 10.1.1.80 172.17.0.9 ROOT 9b832394-f254-4f6d-ba67-ed3979ac9fc6 信息系统域 81e63956-ff38-4ea5-a043-b859ceac0f19 XenServer jituanoamis 2CPU-4G-is-nfs-slow 
no-host 0 i-16-1708-VM 2013-05-17T10:24:40+0800 Stopped False 71a906a1-dfea-44e8-8bf3-5c3a5c59965e jituanmis-is2 (no)jituanmis-orcal 2 2600 4096 02:00:4e:1d:00:03 10.1.1.192 172.17.0.8 ROOT 9b832394-f254-4f6d-ba67-ed3979ac9fc6 信息系统域 81e63956-ff38-4ea5-a043-b859ceac0f19 XenServer jituanoamis 2CPU-4G-is-nfs-slow 
xs204.gdcloud.com 67e41861-b793-47df-91ba-1e0507670013 i-16-1706-VM 2013-05-17T10:18:37+0800 Running False 43b42838-f60e-488d-8d06-d3eb7daaf8bb jituanmis-is1 Jituanmis1-xs 2 2600 4096 02:00:1d:91:00:01 10.1.1.253 172.17.0.7 ROOT 9b832394-f254-4f6d-ba67-ed3979ac9fc6 信息系统域 81e63956-ff38-4ea5-a043-b859ceac0f19 XenServer jituanoamis 2CPU-4G-is-nfs-slow 
xs03 5c0ad0d7-e45c-4c9a-9138-ffc86328032a i-15-1315-VM 2013-03-20T17:47:59+0800 Running False 9c0481d2-ceab-4b68-b2d5-5971ccf74454 GDUPC-DBTEST GDUPC-DBTEST 4 2600 4000 02:00:25:21:00:01 10.1.1.114 192.168.31.4 ROOT 9b832394-f254-4f6d-ba67-ed3979ac9fc6 生产系统资源域 8e19be3a-c953-4dec-aa74-857226de927c XenServer gdupc 4CPU-4G-500M-SMFAST 
xs04 ea62fda7-2b91-43ff-926a-32c277676a38 i-7-1311-VM 2013-03-14T15:37:54+0800 Running True d98d16dd-528c-47ca-9218-22fa7e74312f DIAOBINSHAN-LOCALPRED2 DIAOBINGSHAN-LOCALPRED2 2 2600 2048 02:00:39:33:00:34 10.1.1.137 192.168.31.127 ROOT 9b832394-f254-4f6d-ba67-ed3979ac9fc6 生产系统资源域 8e19be3a-c953-4dec-aa74-857226de927c XenServer fengce 2CPU-2G-500M-HA 
xs06.gdcloud.com 99b5cd02-19e8-4f6a-b405-a4d82fcd180d i-7-1310-VM 2013-03-12T17:20:46+0800 Running True 318b8a1d-a870-46e5-80c5-a0af5b9dae56 JIAOQU-LOCALPRED JIAOQU-LOCALPRED 2 2600 2048 02:00:36:f6:00:33 10.1.1.18 192.168.31.25 ROOT 9b832394-f254-4f6d-ba67-ed3979ac9fc6 生产系统资源域 8e19be3a-c953-4dec-aa74-857226de927c XenServer fengce 2CPU-2G-500M-HA 
xs04 ea62fda7-2b91-43ff-926a-32c277676a38 i-7-1309-VM 2013-03-07T17:00:01+0800 Running False aa33dda2-b212-45a4-bca3-bbcca6f9abad QINGLONG-DATA-COLLECT QINGLONG-DATA-COLLECT 2 2600 2048 02:00:2b:ec:00:32 10.1.1.218 192.168.31.169 ROOT 9b832394-f254-4f6d-ba67-ed3979ac9fc6 生产系统资源域 8e19be3a-c953-4dec-aa74-857226de927c XenServer fengce 2CPU-2G 
no-host 0 i-7-1308-VM 2013-03-07T16:59:24+0800 Stopped False a5d2cb2a-8f54-43ef-84db-feea19e0a77e QINGLONG-WEB-SERVER QINGLONG-WEB-SERVER 2 2600 2048 02:00:6a:7d:00:31 10.1.1.190 192.168.31.168 ROOT 9b832394-f254-4f6d-ba67-ed3979ac9fc6 生产系统资源域 8e19be3a-c953-4dec-aa74-857226de927c XenServer fengce 2CPU-2G 
xs06.gdcloud.com 99b5cd02-19e8-4f6a-b405-a4d82fcd180d i-7-1307-VM 2013-03-07T16:58:57+0800 Running True 1f9c553d-1f70-4ac4-8984-6d8dd03de38d QINGLONG-FILE-UPLOAD QINGLONG-FILE-UPLOAD 2 2600 3072 02:00:58:c0:00:30 10.1.1.148 192.168.31.167 ROOT 9b832394-f254-4f6d-ba67-ed3979ac9fc6 生产系统资源域 8e19be3a-c953-4dec-aa74-857226de927c XenServer fengce 2CPU-3G-HA 
xs04 ea62fda7-2b91-43ff-926a-32c277676a38 i-7-1306-VM 2013-03-07T16:58:13+0800 Running True 01e58180-6920-474f-b2d8-b40777b1f638 WULIJI-LOCALPRED WULIJI-LOCALPRED 2 2600 2048 02:00:2c:f7:00:2f 10.1.1.191 192.168.31.161 ROOT 9b832394-f254-4f6d-ba67-ed3979ac9fc6 生产系统资源域 8e19be3a-c953-4dec-aa74-857226de927c XenServer fengce 2CPU-2G-500M-HA 
xs04 ea62fda7-2b91-43ff-926a-32c277676a38 i-7-1305-VM 2013-03-07T16:56:52+0800 Running True 12981cc3-66e5-48f1-bc76-02aa65034094 QINGLONG-LOCALPRED QINGLONG-LOCALPRED 2 2600 2048 02:00:55:ff:00:2e 10.1.1.85 192.168.31.166 ROOT 9b832394-f254-4f6d-ba67-ed3979ac9fc6 生产系统资源域 8e19be3a-c953-4dec-aa74-857226de927c XenServer fengce 2CPU-2G-500M-HA 
xs03 5c0ad0d7-e45c-4c9a-9138-ffc86328032a i-7-1304-VM 2013-03-07T16:56:07+0800 Running False 07e4d725-1b04-49e6-8008-3949b9efc2cb WULIJI-DATA-COLLECT WULIJI-DATA-COLLECT 2 2600 2048 02:00:1c:5d:00:2d 10.1.1.156 192.168.31.164 ROOT 9b832394-f254-4f6d-ba67-ed3979ac9fc6 生产系统资源域 8e19be3a-c953-4dec-aa74-857226de927c XenServer fengce 2CPU-2G 
xs07 4e481ee9-1b35-4b06-8c65-01b07da67d76 i-7-1303-VM 2013-03-07T16:55:34+0800 Running False 44685c1d-c466-4abc-ad35-72977e81da88 WULIJI-WEB-SERVER WULIJI-WEB-SERVER 2 2600 2048 02:00:7a:0e:00:2c 10.1.1.78 192.168.31.163 ROOT 9b832394-f254-4f6d-ba67-ed3979ac9fc6 生产系统资源域 8e19be3a-c953-4dec-aa74-857226de927c XenServer fengce 2CPU-2G 
xs04 ea62fda7-2b91-43ff-926a-32c277676a38 i-7-1302-VM 2013-03-07T16:54:44+0800 Running True 5b40e5e2-b833-4d6a-8054-e2e50a01adb8 WULIJI-FILE-UPLOAD WULIJI-FILE-UPLOAD 2 2600 3072 02:00:5f:fb:00:2b 10.1.1.158 192.168.31.162 ROOT 9b832394-f254-4f6d-ba67-ed3979ac9fc6 生产系统资源域 8e19be3a-c953-4dec-aa74-857226de927c XenServer fengce 2CPU-3G-HA 
xs07 4e481ee9-1b35-4b06-8c65-01b07da67d76 i-7-1300-VM 2013-03-07T16:53:31+0800 Running False 3264dfaf-0572-4473-9574-a4c3518b2684 JIAOQU-DATA-COLLECT JIAOQU-DATA-COLLECT 2 2600 2048 02:00:67:20:00:29 10.1.1.68 192.168.31.28 ROOT 9b832394-f254-4f6d-ba67-ed3979ac9fc6 生产系统资源域 8e19be3a-c953-4dec-aa74-857226de927c XenServer fengce 2CPU-2G 
xs04 ea62fda7-2b91-43ff-926a-32c277676a38 i-7-1299-VM 2013-03-07T16:52:46+0800 Running False da9648c1-d0d4-470c-bcc4-f1a5fa4d1328 JIAOQU-WEB-SERVER JIAOQU-WEB-SERVER 2 2600 2048 02:00:4d:e7:00:28 10.1.1.241 192.168.31.27 ROOT 9b832394-f254-4f6d-ba67-ed3979ac9fc6 生产系统资源域 8e19be3a-c953-4dec-aa74-857226de927c XenServer fengce 2CPU-2G 
xs06.gdcloud.com 99b5cd02-19e8-4f6a-b405-a4d82fcd180d i-7-1298-VM 2013-03-07T16:48:25+0800 Running True 9d2afc17-e399-42d9-b92d-9826b02e6398 JIAOQU-FILE-UPLOAD JIAOQU-FILE-UPLOAD 2 2600 3072 02:00:74:4f:00:27 10.1.1.115 192.168.31.26 ROOT 9b832394-f254-4f6d-ba67-ed3979ac9fc6 生产系统资源域 8e19be3a-c953-4dec-aa74-857226de927c XenServer fengce 2CPU-3G-HA 
xs04 ea62fda7-2b91-43ff-926a-32c277676a38 i-7-1296-VM 2013-03-07T16:46:58+0800 Running False 4775765c-7295-4db8-903c-122d395fae04 BAOSHAN-DATA-COLLECT BAOSHAN-DATA-COLLECT 2 2600 2048 02:00:13:a8:00:25 10.1.1.219 192.168.31.23 ROOT 9b832394-f254-4f6d-ba67-ed3979ac9fc6 生产系统资源域 8e19be3a-c953-4dec-aa74-857226de927c XenServer fengce 2CPU-2G 
no-host 0 i-7-1295-VM 2013-03-07T16:46:14+0800 Stopped False 9c966e85-faa3-411c-8245-a68290042db8 BAOSHAN-WEB-SERVER BAOSHAN-WEB-SERVER 2 2600 2048 02:00:42:cc:00:24 10.1.1.35 192.168.31.22 ROOT 9b832394-f254-4f6d-ba67-ed3979ac9fc6 生产系统资源域 8e19be3a-c953-4dec-aa74-857226de927c XenServer fengce 2CPU-2G 
xs04 ea62fda7-2b91-43ff-926a-32c277676a38 i-7-1294-VM 2013-03-07T16:45:39+0800 Running True 190e668a-4d69-435d-958f-1b41c04ed20e BAOSHAN-FILE-UPLOAD BAOSHAN-FILE-UPLOAD 2 2600 3072 02:00:6c:4d:00:23 10.1.1.119 192.168.31.21 ROOT 9b832394-f254-4f6d-ba67-ed3979ac9fc6 生产系统资源域 8e19be3a-c953-4dec-aa74-857226de927c XenServer fengce 2CPU-3G-HA 
xs04 ea62fda7-2b91-43ff-926a-32c277676a38 i-7-1293-VM 2013-03-07T16:44:47+0800 Running True 139f1f9a-6f99-4923-be94-7b6fd1b271af BAOSHAN-LOCALPRED BAOSHAN-LOCALPRED 2 2600 2048 02:00:7c:8b:00:22 10.1.1.100 192.168.31.20 ROOT 9b832394-f254-4f6d-ba67-ed3979ac9fc6 生产系统资源域 8e19be3a-c953-4dec-aa74-857226de927c XenServer fengce 2CPU-2G-500M-HA 
xs04 ea62fda7-2b91-43ff-926a-32c277676a38 i-7-1292-VM 2013-03-07T16:43:55+0800 Running False 622e114c-0fd3-4db4-b1b5-9b7143a5a56a CHONGLI-DATA-COLLECT CHONGLI-DATA-COLLECT 2 2600 2048 02:00:56:17:00:21 10.1.1.16 192.168.31.137 ROOT 9b832394-f254-4f6d-ba67-ed3979ac9fc6 生产系统资源域 8e19be3a-c953-4dec-aa74-857226de927c XenServer fengce 2CPU-2G 
xs03 5c0ad0d7-e45c-4c9a-9138-ffc86328032a i-7-1291-VM 2013-03-07T16:43:09+0800 Running False 574f1893-8396-4512-829c-2f242bb9884f CHONGLI-WEB-SERVER CHONGLI-WEB-SERVER 2 2600 2048 02:00:4e:0c:00:20 10.1.1.91 192.168.31.136 ROOT 9b832394-f254-4f6d-ba67-ed3979ac9fc6 生产系统资源域 8e19be3a-c953-4dec-aa74-857226de927c XenServer fengce 2CPU-2G 
xs03 5c0ad0d7-e45c-4c9a-9138-ffc86328032a i-7-1290-VM 2013-03-07T16:41:51+0800 Running True b45868c9-99a6-41ad-a1cc-263a513bc957 CHONGLI-FILE-UPLOAD CHONGLI-FILE-UPLOAD 2 2600 3072 02:00:31:f4:00:1f 10.1.1.52 192.168.31.135 ROOT 9b832394-f254-4f6d-ba67-ed3979ac9fc6 生产系统资源域 8e19be3a-c953-4dec-aa74-857226de927c XenServer fengce 2CPU-3G-HA 
xs07 4e481ee9-1b35-4b06-8c65-01b07da67d76 i-7-1289-VM 2013-03-07T16:37:36+0800 Running True bd8399e6-07a3-48a0-ade1-c517ad26d4e7 DIAOBINGSHAN-FILE-UPLOAD DIAOBINGSHAN-FILE-UPLOAD 2 2600 3072 02:00:78:8d:00:1e 10.1.1.186 192.168.31.128 ROOT 9b832394-f254-4f6d-ba67-ed3979ac9fc6 生产系统资源域 8e19be3a-c953-4dec-aa74-857226de927c XenServer fengce 2CPU-3G-HA 
xs06.gdcloud.com 99b5cd02-19e8-4f6a-b405-a4d82fcd180d i-7-1287-VM 2013-03-07T15:29:51+0800 Running True addfae1c-99c1-43e4-b782-7e6e73f4556a DIAOBINGSHAN-LOCALPRED CHONGLI-LOCALPRED 2 2600 2048 02:00:0b:96:00:1c 10.1.1.178 192.168.31.134 ROOT 9b832394-f254-4f6d-ba67-ed3979ac9fc6 生产系统资源域 8e19be3a-c953-4dec-aa74-857226de927c XenServer fengce 2CPU-2G-500M-HA 
xs03 5c0ad0d7-e45c-4c9a-9138-ffc86328032a i-6-137-VM 2012-11-01T23:03:54+0800 Running False 9d358ffc-3690-4c26-ba03-a97f97f62923 weiwang-HMI weiwang-HMI 4 2600 3072 02:00:1d:77:00:0c 10.1.1.10 192.168.31.83 ROOT 9b832394-f254-4f6d-ba67-ed3979ac9fc6 生产系统资源域 8e19be3a-c953-4dec-aa74-857226de927c XenServer weiwang 4CPU-3G 
xs05 7798b6ad-70a5-4ad9-b384-42c9e078451a i-6-136-VM 2012-11-01T22:06:07+0800 Running False a825074c-d307-47e4-9765-36f58c8c40eb weiwang-VeStoreDB weiwang-VeStoreDB 2 2600 3072 02:00:36:f5:00:0b 10.1.1.223 192.168.31.113 ROOT 9b832394-f254-4f6d-ba67-ed3979ac9fc6 生产系统资源域 8e19be3a-c953-4dec-aa74-857226de927c XenServer weiwang 2CPU-3G 
xs05 7798b6ad-70a5-4ad9-b384-42c9e078451a i-6-135-VM 2012-11-01T22:02:38+0800 Running False be6654b4-d290-4302-885f-6f65df18c4d2 weiwang-Alarm weiwang-Alarm 2 2600 3072 02:00:7a:17:00:0a 10.1.1.87 192.168.31.117 ROOT 9b832394-f254-4f6d-ba67-ed3979ac9fc6 生产系统资源域 8e19be3a-c953-4dec-aa74-857226de927c XenServer weiwang 2CPU-3G 
xs05 7798b6ad-70a5-4ad9-b384-42c9e078451a i-6-134-VM 2012-11-01T19:40:06+0800 Running True ebcb8ef4-38f3-4de7-b734-638b7a2fcc8c weiwang-HistoryDB weiwang-HistoryDB 2 2600 3072 02:00:08:ca:00:09 10.1.1.222 192.168.31.114 ROOT 9b832394-f254-4f6d-ba67-ed3979ac9fc6 生产系统资源域 8e19be3a-c953-4dec-aa74-857226de927c XenServer weiwang 2CPU-3G-HA 
xs03 5c0ad0d7-e45c-4c9a-9138-ffc86328032a i-7-1283-VM 2013-03-07T10:13:30+0800 Running False a36ea5f7-bda5-4ae2-89c7-6d50f43be758 DIAOBINGSHAN-DATA-COLLECT DIAOBINGSHAN-DATA-COLLECT 2 2600 2048 02:00:61:54:00:19 10.1.1.86 192.168.31.131 ROOT 9b832394-f254-4f6d-ba67-ed3979ac9fc6 生产系统资源域 8e19be3a-c953-4dec-aa74-857226de927c XenServer fengce 2CPU-2G 
xs07 4e481ee9-1b35-4b06-8c65-01b07da67d76 i-6-133-VM 2012-11-01T19:25:52+0800 Running False baf5c5d1-91b0-414c-9c53-affd846e53b8 weiwang-Config weiwang-Config 2 2600 3072 02:00:1a:c1:00:08 10.1.1.152 192.168.31.115 ROOT 9b832394-f254-4f6d-ba67-ed3979ac9fc6 生产系统资源域 8e19be3a-c953-4dec-aa74-857226de927c XenServer weiwang 2CPU-3G 
xs07 4e481ee9-1b35-4b06-8c65-01b07da67d76 i-7-1282-VM 2013-03-07T09:59:38+0800 Running False a9869053-bc03-44ab-91fe-c9a0d3333a4f DIAOBINGSHAN-WEB-SERVER DIAOBINGSHAN-WEB-SERVER 2 2600 2048 02:00:1c:58:00:18 10.1.1.212 192.168.31.130 ROOT 9b832394-f254-4f6d-ba67-ed3979ac9fc6 生产系统资源域 8e19be3a-c953-4dec-aa74-857226de927c XenServer fengce 2CPU-2G 
xs06.gdcloud.com 99b5cd02-19e8-4f6a-b405-a4d82fcd180d i-7-1281-VM 2013-03-07T09:56:40+0800 Running True e0565335-2177-4bb4-ab30-a718a2c6c4b1 DIAOBINGSHAN-VESTORE-DB DIAOBINGSHAN-VESTORE-DB 4 2600 3072 02:00:21:69:00:17 10.1.1.154 192.168.31.129 ROOT 9b832394-f254-4f6d-ba67-ed3979ac9fc6 生产系统资源域 8e19be3a-c953-4dec-aa74-857226de927c XenServer fengce 4CPU-3G-HA 
xs03 5c0ad0d7-e45c-4c9a-9138-ffc86328032a i-6-131-VM 2012-10-31T23:01:49+0800 Running True 093fb890-1a68-4530-80c5-12994eb89d31 weiwang-RealDB weiwang-IOServer 2 2600 3072 02:00:47:65:00:07 10.1.1.163 192.168.31.190 ROOT 9b832394-f254-4f6d-ba67-ed3979ac9fc6 生产系统资源域 8e19be3a-c953-4dec-aa74-857226de927c XenServer weiwang 2CPU-3G-HA 
xs05 7798b6ad-70a5-4ad9-b384-42c9e078451a i-6-129-VM 2012-10-31T22:57:48+0800 Running True 4fc92eef-c41d-44a4-8ebc-1afeb5f146d7 weiwang-io-4 weiwang-Picture 2 2600 3072 02:00:52:23:00:05 10.1.1.119 192.168.31.60 ROOT 9b832394-f254-4f6d-ba67-ed3979ac9fc6 生产系统资源域 8e19be3a-c953-4dec-aa74-857226de927c XenServer weiwang 2CPU-3G-HA 
xs05 7798b6ad-70a5-4ad9-b384-42c9e078451a i-6-128-VM 2012-10-31T22:50:02+0800 Running True 8fffd0a8-3ab3-459a-99ec-485f501d515c weiwang-io-1 weiwang-RealDB 2 2600 3072 02:00:4b:f9:00:04 10.1.1.5 192.168.31.112 ROOT 9b832394-f254-4f6d-ba67-ed3979ac9fc6 生产系统资源域 8e19be3a-c953-4dec-aa74-857226de927c XenServer weiwang 2CPU-3G-HA 
xs03 5c0ad0d7-e45c-4c9a-9138-ffc86328032a i-13-1270-VM 2013-02-22T11:00:06+0800 Running False 6d09c983-a31d-415f-bd61-29d0669fa015 ranshaoyouhua ranshaoyouhua 2 4000 4096 02:00:6b:df:00:01 10.1.1.108 192.168.31.98 ROOT 9b832394-f254-4f6d-ba67-ed3979ac9fc6 生产系统资源域 8e19be3a-c953-4dec-aa74-857226de927c XenServer ranshaoyouhua 2CPU-4G 
xs04 ea62fda7-2b91-43ff-926a-32c277676a38 i-7-116-VM 2012-10-31T18:10:30+0800 Running False 088b9d0e-69a8-46ba-a10d-82d7e57766fa wpfs-web-dev2 wpfs-web-dev2 4 2600 16384 02:00:3e:5a:00:06 10.1.1.162 192.168.31.165 ROOT 9b832394-f254-4f6d-ba67-ed3979ac9fc6 生产系统资源域 8e19be3a-c953-4dec-aa74-857226de927c XenServer fengce 4CPU-16G 
xs06.gdcloud.com 99b5cd02-19e8-4f6a-b405-a4d82fcd180d i-7-1262-VM 2012-12-24T17:37:35+0800 Running False 3ae539d0-9fec-488f-95d5-50d4fccfbdfb WPFRTInterfaceTest WPFRTInterfaceTest 2 2600 3072 02:00:6a:0b:00:10 10.1.1.26 192.168.31.122 ROOT 9b832394-f254-4f6d-ba67-ed3979ac9fc6 生产系统资源域 8e19be3a-c953-4dec-aa74-857226de927c XenServer fengce 2CPU-3G 
xs05 7798b6ad-70a5-4ad9-b384-42c9e078451a i-7-1261-VM 2012-12-24T16:50:22+0800 Running False 83aaaa26-200d-4ff4-bb76-45a867880d51 WPFRTInterface WPFRTInterface 2 2600 3072 02:00:62:f5:00:0f 10.1.1.189 192.168.31.158 ROOT 9b832394-f254-4f6d-ba67-ed3979ac9fc6 生产系统资源域 8e19be3a-c953-4dec-aa74-857226de927c XenServer fengce 2CPU-3G 
xs06.gdcloud.com 99b5cd02-19e8-4f6a-b405-a4d82fcd180d i-21-1994-VM 2014-03-03T14:51:34+0800 Running False 8d3879fc-a02f-4c5a-b93f-a51148e26a8f test-zh test-zh 2 2600 4096 02:00:69:b5:00:26 10.1.1.204 no-pubip ROOT 9b832394-f254-4f6d-ba67-ed3979ac9fc6 生产系统资源域 8e19be3a-c953-4dec-aa74-857226de927c XenServer test 2CPU-4G-NA-SLOW-XEN 
xs06.gdcloud.com 99b5cd02-19e8-4f6a-b405-a4d82fcd180d i-7-1993-VM 2014-02-18T11:37:45+0800 Running False 2c81180e-fb09-4727-9a96-6ef9b129187a jiaonanziluo-localpred jiaonanziluo-localpred 4 2600 8192 02:00:0b:75:00:4a 10.1.1.7 192.168.31.177 ROOT 9b832394-f254-4f6d-ba67-ed3979ac9fc6 生产系统资源域 8e19be3a-c953-4dec-aa74-857226de927c XenServer fengce 4CPU-8G-na-slow-xen 
xs06.gdcloud.com 99b5cd02-19e8-4f6a-b405-a4d82fcd180d i-7-1992-VM 2014-02-18T11:28:47+0800 Running False fdf8f702-f534-467f-8499-bb2f0eff6e8f juxian-localpred juxian-localpred 4 2600 8192 02:00:5e:28:00:49 10.1.1.136 192.168.31.69 ROOT 9b832394-f254-4f6d-ba67-ed3979ac9fc6 生产系统资源域 8e19be3a-c953-4dec-aa74-857226de927c XenServer fengce 4CPU-8G-na-slow-xen 
xs227.gdcloud.com 1c5c8c2d-38bc-4079-a76d-a7706f7bfd1e i-25-1988-VM 2014-02-14T10:59:46+0800 Running False 78beb48f-a7d0-4998-a84b-e665517837c2 jtcaiwudbbackup jtcaiwudbbackup 4 2600 8096 02:00:54:f9:00:01 10.1.1.108 192.168.31.8 ROOT 9b832394-f254-4f6d-ba67-ed3979ac9fc6 生产系统资源域 8e19be3a-c953-4dec-aa74-857226de927c XenServer jtcaiwuback 4CPU-8G-khjtz2p1c2-nfs-slow-caiwuback 
xstest1.gdcloud.com f1e89379-5fc2-4661-bd59-750991c2eecc i-21-1987-VM 2014-02-13T10:28:38+0800 Running False 1ae57a78-cf4d-4939-8c04-43904c3bd5c6 SCADA1 SCADA1 4 2600 8192 02:00:0f:dc:00:25 10.1.1.61 192.168.31.181 ROOT 9b832394-f254-4f6d-ba67-ed3979ac9fc6 生产系统资源域 8e19be3a-c953-4dec-aa74-857226de927c XenServer test 4CPU-8G-test-nfs-z2p201c1 
xs229 1385b1d8-ba9b-4e76-81f3-c8bec66a755b i-24-1986-VM 2014-01-20T16:17:43+0800 Running True 9f9e3e44-fdd2-4c82-ae12-02113659deac caiwuapp-2 caiwuapp-2 8 2600 32768 02:00:6b:71:00:04 10.1.1.232 192.168.31.143 ROOT 9b832394-f254-4f6d-ba67-ed3979ac9fc6 生产系统资源域 8e19be3a-c953-4dec-aa74-857226de927c XenServer jituancaiwu 8CPU-32G-500m-khjtz2p1c2-nfs-slow-ha 
xs229 1385b1d8-ba9b-4e76-81f3-c8bec66a755b i-24-1985-VM 2014-01-20T15:58:49+0800 Running True 23208733-0e00-4310-9d5f-48ada3b33834 caiwuapp-1 caiwuapp-1 8 2600 32768 02:00:57:07:00:03 10.1.1.112 192.168.31.84 ROOT 9b832394-f254-4f6d-ba67-ed3979ac9fc6 生产系统资源域 8e19be3a-c953-4dec-aa74-857226de927c XenServer jituancaiwu 8CPU-32G-500m-khjtz2p1c2-nfs-slow-ha 
xs04 ea62fda7-2b91-43ff-926a-32c277676a38 i-19-1982-VM 2014-01-09T08:24:06+0800 Running False 304820dd-dd74-4b0c-983a-ecb9edfbac63 Taian-p6 Taian-p6 4 2600 8192 02:00:56:3d:00:0b 10.1.1.67 192.168.31.141 ROOT 9b832394-f254-4f6d-ba67-ed3979ac9fc6 生产系统资源域 8e19be3a-c953-4dec-aa74-857226de927c XenServer dianzhan 4CPU-8G-na-slow-xen 
xs05 7798b6ad-70a5-4ad9-b384-42c9e078451a i-19-1981-VM 2014-01-09T08:18:04+0800 Running False 98d5dcd7-5ccd-4172-bc2b-b660e33dcbef Taian-Mis Taian-Mis 4 2600 8192 02:00:55:27:00:0a 10.1.1.30 192.168.31.1 ROOT 9b832394-f254-4f6d-ba67-ed3979ac9fc6 生产系统资源域 8e19be3a-c953-4dec-aa74-857226de927c XenServer dianzhan 4CPU-8G-na-slow-xen 
xs05 7798b6ad-70a5-4ad9-b384-42c9e078451a i-19-1980-VM 2014-01-09T08:07:52+0800 Running False 3b35846f-f8f8-44f7-bdb1-3cc7518f6cd5 Taian-oracle Taian-oracle 4 2600 8192 02:00:3c:3f:00:09 10.1.1.14 192.168.31.147 ROOT 9b832394-f254-4f6d-ba67-ed3979ac9fc6 生产系统资源域 8e19be3a-c953-4dec-aa74-857226de927c XenServer dianzhan 4CPU-8G-na-slow-xen 
xs213.gdcloud.com 849645e1-a5df-41be-9107-554ac019de01 i-17-1976-VM 2013-12-27T09:21:05+0800 Running True 3aacd8aa-50d7-4099-a73b-e61846cd1a58 nano-techweb nano-techweb 4 2600 4096 02:00:2b:b5:00:05 10.1.1.69 172.17.0.91 ROOT 9b832394-f254-4f6d-ba67-ed3979ac9fc6 信息系统域 81e63956-ff38-4ea5-a043-b859ceac0f19 XenServer xenvip 4CPU-4G-is-z3p1c2-na-slow 
xs52.gdcloud.com 9fd0fce4-6c8c-45c9-a9d8-0649a8d627c3 i-15-1975-VM 2013-12-27T09:00:50+0800 Running False ecb2ebc0-6259-4bd3-9cb2-2c46ecbe4871 modbus3 modbus3 4 2600 4096 02:00:75:e9:00:60 10.1.1.246 192.168.31.125 ROOT 9b832394-f254-4f6d-ba67-ed3979ac9fc6 生产系统资源域 8e19be3a-c953-4dec-aa74-857226de927c XenServer gdupc 4CPU-4G-gdupc-nfs-slow 
xs212.gdcloud.com 1c35071c-5af0-4ea1-8105-4f541c5186b4 i-18-1974-VM 2013-12-23T12:00:33+0800 Running True afdf0578-7543-4bf7-9e97-2ae6222d8dd5 ERPR3LOAD1 ERPR3LOAD1 6 2600 8192 02:00:62:9d:00:17 10.1.1.43 172.17.0.60 ROOT 9b832394-f254-4f6d-ba67-ed3979ac9fc6 信息系统域 81e63956-ff38-4ea5-a043-b859ceac0f19 XenServer isinternal 6CPU-8G-is-z3p1c2-na-slow 
xs05 7798b6ad-70a5-4ad9-b384-42c9e078451a i-19-1973-VM 2013-12-23T09:37:49+0800 Running True 64b620db-856a-48d7-a70a-bb91aa23864a rtsystem-win7 rtsystem-win7 4 2600 4096 02:00:7e:98:00:06 10.1.1.6 192.168.31.99 ROOT 9b832394-f254-4f6d-ba67-ed3979ac9fc6 生产系统资源域 8e19be3a-c953-4dec-aa74-857226de927c XenServer dianzhan 4CPU-4G-NA-SLOW-XEN 
no-host 0 i-21-1968-VM 2013-12-17T16:10:59+0800 Stopped False 1370b075-7c5b-4bc3-85ea-6d37ced0a06b rsyh-zsltest (no)rsyh-zsltest 2 2600 4096 02:00:62:96:00:23 10.1.1.228 192.168.31.189 ROOT 9b832394-f254-4f6d-ba67-ed3979ac9fc6 生产系统资源域 8e19be3a-c953-4dec-aa74-857226de927c XenServer test 2CPU-4G-test-nfs-z2p201c1 
xs53.gdcloud.com ec5a157d-4b6c-4d30-93e8-06cc7a81642a i-15-1967-VM 2013-12-17T11:12:30+0800 Running False 9c9541d5-ca46-4d15-b7eb-3411ff0d288e SJZX39 SJZX39 2 2600 4096 02:00:4d:ef:00:5c 10.1.1.123 192.168.31.61 ROOT 9b832394-f254-4f6d-ba67-ed3979ac9fc6 生产系统资源域 8e19be3a-c953-4dec-aa74-857226de927c XenServer gdupc 2CPU-4G-gdupc-nfs-slow 
xs04 ea62fda7-2b91-43ff-926a-32c277676a38 i-7-1964-VM 2013-12-13T14:23:47+0800 Running False f752344c-214c-4e90-8b0f-d0a46e969e41 beizhen-localpred beizhen-localpred 2 2600 2048 02:00:71:ba:00:44 10.1.1.102 192.168.31.66 ROOT 9b832394-f254-4f6d-ba67-ed3979ac9fc6 生产系统资源域 8e19be3a-c953-4dec-aa74-857226de927c XenServer fengce 2CPU-2G-500M-netapp-slow-xen 
xs07 4e481ee9-1b35-4b06-8c65-01b07da67d76 i-7-1958-VM 2013-12-09T10:36:06+0800 Running False b1cbd901-aaa4-4723-9dc8-96015f525f70 webfigures2 webfigures2 8 2600 10240 02:00:21:4c:00:3f 10.1.1.19 192.168.31.65 ROOT 9b832394-f254-4f6d-ba67-ed3979ac9fc6 生产系统资源域 8e19be3a-c953-4dec-aa74-857226de927c XenServer fengce 8CPU-10G-NA-SLOW-XS 
xs07 4e481ee9-1b35-4b06-8c65-01b07da67d76 i-7-1957-VM 2013-12-09T10:27:01+0800 Running False bfa5f677-9114-4ef5-83dc-5dc3f911810c webfigures1 webfigures1 8 2600 10240 02:00:1a:b7:00:3e 10.1.1.29 192.168.31.64 ROOT 9b832394-f254-4f6d-ba67-ed3979ac9fc6 生产系统资源域 8e19be3a-c953-4dec-aa74-857226de927c XenServer fengce 8CPU-10G-NA-SLOW-XS 
xs212.gdcloud.com 1c35071c-5af0-4ea1-8105-4f541c5186b4 i-18-1956-VM 2013-12-03T16:52:45+0800 Running False 6c6fb602-ab81-4243-b222-2990e028bc02 jijianmis-xs jijianmis-xs 2 2600 4096 02:00:65:fe:00:16 10.1.1.90 172.17.0.59 ROOT 9b832394-f254-4f6d-ba67-ed3979ac9fc6 信息系统域 81e63956-ff38-4ea5-a043-b859ceac0f19 XenServer isinternal 2CPU-4G-is-z3p1c2-na-slow 
xs227.gdcloud.com 1c5c8c2d-38bc-4079-a76d-a7706f7bfd1e i-9-1955-VM 2013-12-03T16:44:18+0800 Running False 2c7a8161-0b61-41e3-9e55-c3d1d978e94e khSVN-xs khSVN-xs 2 2600 4096 02:00:62:11:00:09 10.1.1.137 192.168.31.78 ROOT 9b832394-f254-4f6d-ba67-ed3979ac9fc6 生产系统资源域 8e19be3a-c953-4dec-aa74-857226de927c XenServer jituanmenhu 2CPU-4G-khjtz2p1c2-nfs-slow 
xs227.gdcloud.com 1c5c8c2d-38bc-4079-a76d-a7706f7bfd1e i-9-1954-VM 2013-12-03T15:48:32+0800 Running False a9d2c8a2-b39a-4ed4-9b30-2fa3147066d3 appbackup-xs appbackup-xs 2 2600 4096 02:00:3d:6b:00:08 10.1.1.231 192.168.31.138 ROOT 9b832394-f254-4f6d-ba67-ed3979ac9fc6 生产系统资源域 8e19be3a-c953-4dec-aa74-857226de927c XenServer jituanmenhu 2CPU-4G-khjtz2p1c2-nfs-slow 
xs228.gdcloud.com d3cb6e25-e100-4890-9d74-7a0defec1ff6 i-9-1953-VM 2013-12-03T15:37:49+0800 Running True a6571aa3-cc1a-4aef-b9fa-e3e188bd0f78 ReportRelease-xs ReportRelease-xs 4 2600 12288 02:00:40:8e:00:07 10.1.1.235 192.168.31.133 ROOT 9b832394-f254-4f6d-ba67-ed3979ac9fc6 生产系统资源域 8e19be3a-c953-4dec-aa74-857226de927c XenServer jituanmenhu 4CPU-12G-khjtz2p1c2-nfs-slow-ha 
xs201.gdcloud.com c44934c8-8a3c-4b79-9f92-bad0da86c7b1 i-10-1952-VM 2013-11-26T15:08:08+0800 Running False a70d5153-78f7-433d-9e5c-d4e54d453176 TRneiwang-web TRneiwang-web 4 2600 8192 02:00:6c:d8:00:0e 10.1.1.170 172.17.0.112 ROOT 9b832394-f254-4f6d-ba67-ed3979ac9fc6 信息系统域 81e63956-ff38-4ea5-a043-b859ceac0f19 XenServer dangyuanzhijia 4CPU-8G-is-nfs-slow 
xs05 7798b6ad-70a5-4ad9-b384-42c9e078451a i-12-1950-VM 2013-11-26T11:01:34+0800 Running False 28560ed2-1698-4ff5-a8db-d2d7d1143b2a mgmt-swdev mgmt-swdev 4 2600 6144 02:00:2c:16:00:06 10.1.1.185 192.168.31.174 ROOT 9b832394-f254-4f6d-ba67-ed3979ac9fc6 生产系统资源域 8e19be3a-c953-4dec-aa74-857226de927c XenServer ruanjianyanfa 4CPU-6G-NA-SLOW-XS 
xs225.gdcloud.com 46ed6bbc-5a3d-47b9-a1ce-f3d3551fdb56 i-22-1949-VM 2013-11-25T16:01:25+0800 Running True 8b7dd649-4c55-4f09-b98e-32e6ed3a52d0 KHDOC2 KHDOC2 8 2600 16384 02:00:49:2f:00:0b 10.1.1.244 172.17.0.80 ROOT 9b832394-f254-4f6d-ba67-ed3979ac9fc6 信息系统域 81e63956-ff38-4ea5-a043-b859ceac0f19 XenServer caigoupingtai 8CPU-16G-z3p1c3-1-nfs-slow-HA 
xs221.gdcloud.com 98cf1532-3428-4a57-8540-5653f7d3aaaf i-22-1948-VM 2013-11-25T16:00:50+0800 Running True c577eae3-5e66-4112-8033-35de7755782c KHDOC1 KHDOC1 8 2600 16384 02:00:67:21:00:0a 10.1.1.53 172.17.0.79 ROOT 9b832394-f254-4f6d-ba67-ed3979ac9fc6 信息系统域 81e63956-ff38-4ea5-a043-b859ceac0f19 XenServer caigoupingtai 8CPU-16G-z3p1c3-1-nfs-slow-HA 
xs221.gdcloud.com 98cf1532-3428-4a57-8540-5653f7d3aaaf i-22-1947-VM 2013-11-25T14:59:53+0800 Running True 33fbdf21-8c4a-40d7-9f91-8d5d707b33bf GDSXMIS GDSXMIS 8 2600 16384 02:00:2e:27:00:09 10.1.1.110 172.17.0.78 ROOT 9b832394-f254-4f6d-ba67-ed3979ac9fc6 信息系统域 81e63956-ff38-4ea5-a043-b859ceac0f19 XenServer caigoupingtai 8CPU-16G-z3p1c3-1-nfs-slow-HA 
xs228.gdcloud.com d3cb6e25-e100-4890-9d74-7a0defec1ff6 i-9-1945-VM 2013-11-22T16:17:34+0800 Running True 5abd8c4a-d809-4c7e-92f8-35459dfbace8 ldap-server-xs ldap-server-xs 4 2600 12288 02:00:4b:6f:00:06 10.1.1.160 192.168.31.132 ROOT 9b832394-f254-4f6d-ba67-ed3979ac9fc6 生产系统资源域 8e19be3a-c953-4dec-aa74-857226de927c XenServer jituanmenhu 4CPU-12G-khjtz2p1c2-nfs-slow-ha 
xs227.gdcloud.com 1c5c8c2d-38bc-4079-a76d-a7706f7bfd1e i-9-1944-VM 2013-11-22T14:32:03+0800 Running True 819099f5-ec42-4212-8517-669f26a70bbb portal-server-xs portal-server-xs 8 2600 32768 02:00:4b:5f:00:05 10.1.1.12 192.168.31.126 ROOT 9b832394-f254-4f6d-ba67-ed3979ac9fc6 生产系统资源域 8e19be3a-c953-4dec-aa74-857226de927c XenServer jituanmenhu 8CPU-32G-500m-khjtz2p1c2-nfs-slow-ha 
xs07 4e481ee9-1b35-4b06-8c65-01b07da67d76 i-13-1939-VM 2013-11-19T12:01:21+0800 Running False 357977bf-ba35-4fd7-b491-43ef15b5c392 RSYHCLOUD4 RSYHCLOUD4 2 2600 4096 02:00:17:eb:00:08 10.1.1.146 192.168.31.58 ROOT 9b832394-f254-4f6d-ba67-ed3979ac9fc6 生产系统资源域 8e19be3a-c953-4dec-aa74-857226de927c XenServer ranshaoyouhua 2CPU-4G-NA-SLOW-XEN 
xs04 ea62fda7-2b91-43ff-926a-32c277676a38 i-13-1938-VM 2013-11-19T12:00:14+0800 Running False 4478ca86-ced5-46c5-ba44-6790a4578622 RSYHCLOUD3 RSYHCLOUD3 2 2600 4096 02:00:2f:30:00:07 10.1.1.206 192.168.31.55 ROOT 9b832394-f254-4f6d-ba67-ed3979ac9fc6 生产系统资源域 8e19be3a-c953-4dec-aa74-857226de927c XenServer ranshaoyouhua 2CPU-4G-NA-SLOW-XEN 
xs03 5c0ad0d7-e45c-4c9a-9138-ffc86328032a i-13-1937-VM 2013-11-19T11:59:05+0800 Running False 88021df4-a424-4b16-8145-2cbadee7a7c2 RSYHCLOUD2 RSYHCLOUD2 2 2600 4096 02:00:6a:c3:00:06 10.1.1.173 192.168.31.30 ROOT 9b832394-f254-4f6d-ba67-ed3979ac9fc6 生产系统资源域 8e19be3a-c953-4dec-aa74-857226de927c XenServer ranshaoyouhua 2CPU-4G-NA-SLOW-XEN 
xs236.gdcloud.com ed8acd1b-add6-49cc-9bc5-d7abdb4153b9 i-23-1936-VM 2013-11-14T16:36:10+0800 Running False bf8b1b94-d8ae-4dd5-a59d-4b98278672b1 HRCSQ HRCSQ 4 2600 8192 02:00:06:30:00:11 10.1.1.234 172.17.0.107 ROOT 9b832394-f254-4f6d-ba67-ed3979ac9fc6 信息系统域 81e63956-ff38-4ea5-a043-b859ceac0f19 XenServer prodgdhr 4CPU-8G-z3p1c4-nfs-slow 
xs236.gdcloud.com ed8acd1b-add6-49cc-9bc5-d7abdb4153b9 i-23-1935-VM 2013-11-14T16:35:46+0800 Running False d2330e9c-cbc1-41ba-815d-51e23f74cad6 HRCSD HRCSD 4 2600 8192 02:00:44:90:00:10 10.1.1.237 172.17.0.106 ROOT 9b832394-f254-4f6d-ba67-ed3979ac9fc6 信息系统域 81e63956-ff38-4ea5-a043-b859ceac0f19 XenServer prodgdhr 4CPU-8G-z3p1c4-nfs-slow 
xs234.gdcloud.com a3e7c2e1-87f5-41f4-be23-1ae1f03fd783 i-23-1934-VM 2013-11-14T16:35:18+0800 Running False ddfb4e26-4610-4bc8-91aa-9f11a093c141 HRDOCQ HRDOCQ 4 2600 8192 02:00:58:f3:00:0f 10.1.1.105 172.17.0.105 ROOT 9b832394-f254-4f6d-ba67-ed3979ac9fc6 信息系统域 81e63956-ff38-4ea5-a043-b859ceac0f19 XenServer prodgdhr 4CPU-8G-z3p1c4-nfs-slow 
no-host 0 i-23-1933-VM 2013-11-14T16:34:52+0800 Stopped False 114cdd90-8cc0-496d-b358-51d0cde3c2b9 HRDOCD (no)HRDOCD 4 2600 8192 02:00:53:c4:00:0e 10.1.1.45 no-pubip ROOT 9b832394-f254-4f6d-ba67-ed3979ac9fc6 信息系统域 81e63956-ff38-4ea5-a043-b859ceac0f19 XenServer prodgdhr 4CPU-8G-z3p1c4-nfs-slow 
xs235.gdcloud.com 6b41acee-919a-4af7-8c72-94748ddf5673 i-23-1932-VM 2013-11-14T16:34:18+0800 Running False 785c6e58-fe80-4c00-a5f9-0343fb021597 HRTRQ HRTRQ 4 2600 8192 02:00:04:ad:00:0d 10.1.1.73 172.17.0.103 ROOT 9b832394-f254-4f6d-ba67-ed3979ac9fc6 信息系统域 81e63956-ff38-4ea5-a043-b859ceac0f19 XenServer prodgdhr 4CPU-8G-z3p1c4-nfs-slow 
xs234.gdcloud.com a3e7c2e1-87f5-41f4-be23-1ae1f03fd783 i-23-1931-VM 2013-11-14T16:33:44+0800 Running False d8a6e286-95ef-4f8b-9b68-896aac7cdee6 HRTRD HRTRD 4 2600 8192 02:00:0c:51:00:0c 10.1.1.148 172.17.0.102 ROOT 9b832394-f254-4f6d-ba67-ed3979ac9fc6 信息系统域 81e63956-ff38-4ea5-a043-b859ceac0f19 XenServer prodgdhr 4CPU-8G-z3p1c4-nfs-slow 
xs231.gdcloud.com 6e35f2b3-24be-416f-bc0d-db0572e0105c i-23-1930-VM 2013-11-14T15:34:38+0800 Running True 16485e70-eabb-4de1-831e-4aad069d2687 HRBOQ HRBOQ 8 2600 16384 02:00:1f:27:00:0b 10.1.1.182 172.17.0.101 ROOT 9b832394-f254-4f6d-ba67-ed3979ac9fc6 信息系统域 81e63956-ff38-4ea5-a043-b859ceac0f19 XenServer prodgdhr 8CPU-16G-z3p1c4-nfs-slow-HA 
xs231.gdcloud.com 6e35f2b3-24be-416f-bc0d-db0572e0105c i-23-1929-VM 2013-11-13T16:56:21+0800 Running True 141b08cc-98a8-4a4d-bca8-e82c501fa29d HRCSP HRCSP 8 2600 16384 02:00:33:2a:00:0a 10.1.1.48 172.17.0.100 ROOT 9b832394-f254-4f6d-ba67-ed3979ac9fc6 信息系统域 81e63956-ff38-4ea5-a043-b859ceac0f19 XenServer prodgdhr 8CPU-16G-z3p1c4-nfs-slow-HA 
xs235.gdcloud.com 6b41acee-919a-4af7-8c72-94748ddf5673 i-23-1928-VM 2013-11-13T16:55:37+0800 Running True c0c36a46-6617-45ea-ba49-490d098cd036 HRTRP HRTRP 8 2600 16384 02:00:17:43:00:09 10.1.1.114 172.17.0.99 ROOT 9b832394-f254-4f6d-ba67-ed3979ac9fc6 信息系统域 81e63956-ff38-4ea5-a043-b859ceac0f19 XenServer prodgdhr 8CPU-16G-z3p1c4-nfs-slow-HA 
xs231.gdcloud.com 6e35f2b3-24be-416f-bc0d-db0572e0105c i-23-1927-VM 2013-11-13T16:51:06+0800 Running True 8922148a-8388-473e-a990-e096e0765833 HRDOCP HRDOCP 8 2600 16384 02:00:24:ee:00:08 10.1.1.162 172.17.0.98 ROOT 9b832394-f254-4f6d-ba67-ed3979ac9fc6 信息系统域 81e63956-ff38-4ea5-a043-b859ceac0f19 XenServer prodgdhr 8CPU-16G-z3p1c4-nfs-slow-HA 
xs234.gdcloud.com a3e7c2e1-87f5-41f4-be23-1ae1f03fd783 i-23-1926-VM 2013-11-13T16:37:14+0800 Running True a9fd8d67-6d5e-4af4-8ad7-b5fda9dfa7f1 HRAFP HRAFP 16 2600 32768 02:00:72:d3:00:07 10.1.1.163 172.17.0.97 ROOT 9b832394-f254-4f6d-ba67-ed3979ac9fc6 信息系统域 81e63956-ff38-4ea5-a043-b859ceac0f19 XenServer prodgdhr 16CPU-32G-z3p1c4-nfs-slow-HA 
xs232.gdcloud.com 2766bf16-f174-45d5-83e5-e243294473a9 i-23-1925-VM 2013-11-13T16:22:34+0800 Running True f9ca5f63-b0ca-428c-b67a-065dfabef4ae HRBOP HRBOP 32 2600 65536 02:00:31:41:00:06 10.1.1.99 172.17.0.96 ROOT 9b832394-f254-4f6d-ba67-ed3979ac9fc6 信息系统域 81e63956-ff38-4ea5-a043-b859ceac0f19 XenServer prodgdhr 32CPU-64G-z3p1c4-nfs-slow-HA 
xs234.gdcloud.com a3e7c2e1-87f5-41f4-be23-1ae1f03fd783 i-23-1924-VM 2013-11-13T16:13:53+0800 Running True 183674a7-1249-47f0-91e2-74e78bada3c4 HREPP HREPP 32 2600 65536 02:00:4c:0a:00:05 10.1.1.202 172.17.0.95 ROOT 9b832394-f254-4f6d-ba67-ed3979ac9fc6 信息系统域 81e63956-ff38-4ea5-a043-b859ceac0f19 XenServer prodgdhr 32CPU-64G-z3p1c4-nfs-slow-HA 
xs231.gdcloud.com 6e35f2b3-24be-416f-bc0d-db0572e0105c i-23-1923-VM 2013-11-13T16:11:30+0800 Running True d893a1c7-70c0-4dbf-92f4-3d24561f9b32 HRBWP HRBWP 32 2600 65536 02:00:01:c1:00:04 10.1.1.106 172.17.0.94 ROOT 9b832394-f254-4f6d-ba67-ed3979ac9fc6 信息系统域 81e63956-ff38-4ea5-a043-b859ceac0f19 XenServer prodgdhr 32CPU-64G-z3p1c4-nfs-slow-HA 
xs235.gdcloud.com 6b41acee-919a-4af7-8c72-94748ddf5673 i-23-1921-VM 2013-11-13T16:01:51+0800 Running True ebe8232c-bc1c-4ffc-bf31-4f0751d8b57e HRPRD HRPRD 32 2600 65536 02:00:75:57:00:02 10.1.1.252 172.17.0.93 ROOT 9b832394-f254-4f6d-ba67-ed3979ac9fc6 信息系统域 81e63956-ff38-4ea5-a043-b859ceac0f19 XenServer prodgdhr 32CPU-64G-z3p1c4-nfs-slow-HA 
xs52.gdcloud.com 9fd0fce4-6c8c-45c9-a9d8-0649a8d627c3 i-15-1918-VM 2013-11-11T14:11:02+0800 Running False d8ad6d0d-2aaf-4512-81b7-9b4ae0767339 SJZX38 (no)SJZX38 4 2600 8192 02:00:25:b8:00:5b 10.1.1.140 192.168.31.14 ROOT 9b832394-f254-4f6d-ba67-ed3979ac9fc6 生产系统资源域 8e19be3a-c953-4dec-aa74-857226de927c XenServer gdupc 4CPU-8G-gdupc-nfs-slow 
xstest1.gdcloud.com f1e89379-5fc2-4661-bd59-750991c2eecc i-21-1917-VM 2013-11-08T15:51:30+0800 Running False 90f21dc5-8b45-41e3-bfc3-fed2873aba6e SVMS SVMS 2 2600 4096 02:00:1d:e0:00:21 10.1.1.29 192.168.31.188 ROOT 9b832394-f254-4f6d-ba67-ed3979ac9fc6 生产系统资源域 8e19be3a-c953-4dec-aa74-857226de927c XenServer test 2CPU-4G-test-nfs-z2p201c1 
