id,instancename,name,state,haenable,created,cpunumber,cpuspeed,memory,rootdeviceid,rootdeivcetype,serviceofferingid,serviceofferingname,domain,domainid,zoneid,zonename,account,hypervisor,macaddress,ipaddress,networkid,publicipid,publicip,hostname,hostid,displayname
f7307ffb-5db7-4825-bd1b-3500871ce757,i-21-1912-VM,linux63-1,Stopped,false,2013-10-30T15:30:13+0800,2,2600,4096,0,NetworkFilesystem,4387cfd8-f349-4864-87cc-5e563a05559d,2CPU-4G-test-nfs-z2p201c1,ROOT,9b832394-f254-4f6d-ba67-ed3979ac9fc6,8e19be3a-c953-4dec-aa74-857226de927c,生产系统资源域,,test,XenServer,02:00:5e:0e:00:1e,10.1.1.212,5203d048-6b2d-4afe-a851-22cf5cafb4fc,,,,0,(no)linux63-1,
df2d58b5-b4d0-4169-9983-c05941459ff2,i-21-1906-VM,W2K8R2-2,Running,false,2013-10-29T17:05:10+0800,2,2600,4096,0,NetworkFilesystem,4387cfd8-f349-4864-87cc-5e563a05559d,2CPU-4G-test-nfs-z2p201c1,ROOT,9b832394-f254-4f6d-ba67-ed3979ac9fc6,8e19be3a-c953-4dec-aa74-857226de927c,生产系统资源域,,test,XenServer,02:00:6d:5f:00:18,10.1.1.172,5203d048-6b2d-4afe-a851-22cf5cafb4fc,c6fe41df-1874-463b-83e1-88ed7365f196,192.168.31.187,xstest1.gdcloud.com,f1e89379-5fc2-4661-bd59-750991c2eecc,W2K8R2-2,
7c5aca92-bf42-4fc9-b9ca-b12d5628251d,i-15-1901-VM,SJZX37,Running,false,2013-10-24T09:36:20+0800,4,2600,4096,0,NetworkFilesystem,f4bfa8ae-9c5f-4411-90e3-a5c6ca47ae6e,4CPU-4G-gdupc-nfs-slow,ROOT,9b832394-f254-4f6d-ba67-ed3979ac9fc6,8e19be3a-c953-4dec-aa74-857226de927c,生产系统资源域,,gdupc,XenServer,02:00:20:9d:00:5a,10.1.1.235,e17dc6cf-fcd7-4ede-8582-2b97ad20dc6a,79c3aa7b-1721-4f4b-b269-db20614321b7,192.168.31.80,xs226.gdcloud.com,82bb8be7-15b4-4716-9bf3-5169182118bf,SJZX37,
6c815c1d-aaca-4e7b-98a2-ef89760212f4,i-15-1900-VM,SJZX36,Running,false,2013-10-23T16:33:29+0800,2,2600,4096,0,NetworkFilesystem,d4ae76fd-f100-49de-b140-f5e7d3200a67,2CPU-4G-gdupc-nfs-slow,ROOT,9b832394-f254-4f6d-ba67-ed3979ac9fc6,8e19be3a-c953-4dec-aa74-857226de927c,生产系统资源域,,gdupc,XenServer,02:00:45:89:00:59,10.1.1.63,e17dc6cf-fcd7-4ede-8582-2b97ad20dc6a,a4a9093b-e1e7-42e2-b99d-52805a6c230d,192.168.31.71,xs226.gdcloud.com,82bb8be7-15b4-4716-9bf3-5169182118bf,SJZX36,
28ce5027-2e75-4ad4-9b66-a1441328f3d4,i-21-1899-VM,W2K8R2-1,Running,false,2013-10-23T09:44:12+0800,2,2600,4096,0,NetworkFilesystem,4387cfd8-f349-4864-87cc-5e563a05559d,2CPU-4G-test-nfs-z2p201c1,ROOT,9b832394-f254-4f6d-ba67-ed3979ac9fc6,8e19be3a-c953-4dec-aa74-857226de927c,生产系统资源域,,test,XenServer,02:00:1e:d1:00:13,10.1.1.243,5203d048-6b2d-4afe-a851-22cf5cafb4fc,f7434354-441a-4850-8ecc-4dbc8b8ab4d9,192.168.31.185,xstest1.gdcloud.com,f1e89379-5fc2-4661-bd59-750991c2eecc,W2K8R2-1,
5779fbb3-23d7-42d3-84c9-edc50969e462,i-21-1898-VM,wxp3-2,Running,false,2013-10-23T09:15:47+0800,2,2600,4096,0,NetworkFilesystem,4387cfd8-f349-4864-87cc-5e563a05559d,2CPU-4G-test-nfs-z2p201c1,ROOT,9b832394-f254-4f6d-ba67-ed3979ac9fc6,8e19be3a-c953-4dec-aa74-857226de927c,生产系统资源域,,test,XenServer,02:00:6d:8b:00:12,10.1.1.108,5203d048-6b2d-4afe-a851-22cf5cafb4fc,01871d6a-b4ff-4b28-a93c-469f021ca001,192.168.31.184,xstest1.gdcloud.com,f1e89379-5fc2-4661-bd59-750991c2eecc,wxp3-2,
d16bc7ff-9eec-460b-a9e0-51ab529f2ff0,i-9-1514-VM,REPORT-Release,Stopped,true,2013-05-06T14:26:42+0800,4,2600,12288,0,NetworkFilesystem,8cc8d596-3b34-415d-90b8-edc85cc76cae,4CPU-12G-HA-NA-KVM,ROOT,9b832394-f254-4f6d-ba67-ed3979ac9fc6,6b8422b1-f9ba-49f0-901e-83f7e1851993,集团门户资源域,,jituanmenhu,KVM,02:00:33:94:00:2f,10.1.1.34,c04cf266-dc74-48df-984b-e0651d2b7bda,a22ccba6-c34a-489b-8b40-876710bee004,192.168.32.90,,0,(no)REPORT-Release,
57122e7e-4e3c-45b2-ba3f-7bf95b141db9,i-21-1896-VM,wxp3-1,Running,false,2013-10-22T17:24:46+0800,2,2600,4096,0,NetworkFilesystem,4387cfd8-f349-4864-87cc-5e563a05559d,2CPU-4G-test-nfs-z2p201c1,ROOT,9b832394-f254-4f6d-ba67-ed3979ac9fc6,8e19be3a-c953-4dec-aa74-857226de927c,生产系统资源域,,test,XenServer,02:00:0e:e3:00:10,10.1.1.154,5203d048-6b2d-4afe-a851-22cf5cafb4fc,e751dcbb-c204-4c03-944e-b978419d57b8,192.168.31.183,xstest1.gdcloud.com,f1e89379-5fc2-4661-bd59-750991c2eecc,wxp3-1,
27d57f3d-0ed0-437b-a834-52f9cd371e84,i-22-1895-VM,OSP,Running,true,2013-10-21T16:38:29+0800,8,2600,16384,0,NetworkFilesystem,3252a2d0-9fdb-4f21-b378-345f6a808f9e,8CPU-16G-z3p1c3-1-nfs-slow-HA,ROOT,9b832394-f254-4f6d-ba67-ed3979ac9fc6,81e63956-ff38-4ea5-a043-b859ceac0f19,信息系统域,,caigoupingtai,XenServer,02:00:7d:af:00:08,10.1.1.251,bcb600ae-fc07-434e-938d-2da8a75515f9,feb64941-302b-4700-89eb-d6efcae2167d,172.17.0.76,xs224.gdcloud.com,f529bf46-947c-4a24-bb40-2b414e025e79,OSP,
4a9fd24b-622d-4e83-af82-902fea6ec02a,i-22-1894-VM,WDP,Running,true,2013-10-21T16:36:58+0800,16,2600,32768,0,NetworkFilesystem,a9d1c63c-4d6f-4a78-b1cb-cc26d15e5ae0,16CPU-32G-z3p1c3-1-nfs-slow-HA,ROOT,9b832394-f254-4f6d-ba67-ed3979ac9fc6,81e63956-ff38-4ea5-a043-b859ceac0f19,信息系统域,,caigoupingtai,XenServer,02:00:56:78:00:07,10.1.1.252,bcb600ae-fc07-434e-938d-2da8a75515f9,9b41ad2b-0db9-42a7-8899-ed170f8a7e90,172.17.0.75,xs224.gdcloud.com,f529bf46-947c-4a24-bb40-2b414e025e79,WDP,
4b9bd0ac-1fab-42af-ac86-2f764390876b,i-22-1893-VM,EPP,Running,true,2013-10-21T16:21:40+0800,16,2600,32768,0,NetworkFilesystem,a9d1c63c-4d6f-4a78-b1cb-cc26d15e5ae0,16CPU-32G-z3p1c3-1-nfs-slow-HA,ROOT,9b832394-f254-4f6d-ba67-ed3979ac9fc6,81e63956-ff38-4ea5-a043-b859ceac0f19,信息系统域,,caigoupingtai,XenServer,02:00:41:b3:00:06,10.1.1.129,bcb600ae-fc07-434e-938d-2da8a75515f9,c082ab6f-b9cb-4011-ae2a-1dbf6078db7f,172.17.0.73,xs222.gdcloud.com,ec5236d4-8457-4435-bda0-8a6b68e76d00,EPP,
54ff1e0f-4841-40c0-a08f-261852076755,i-22-1892-VM,WFP,Running,true,2013-10-21T15:43:16+0800,8,2600,16384,0,NetworkFilesystem,3252a2d0-9fdb-4f21-b378-345f6a808f9e,8CPU-16G-z3p1c3-1-nfs-slow-HA,ROOT,9b832394-f254-4f6d-ba67-ed3979ac9fc6,81e63956-ff38-4ea5-a043-b859ceac0f19,信息系统域,,caigoupingtai,XenServer,02:00:2e:3d:00:05,10.1.1.124,bcb600ae-fc07-434e-938d-2da8a75515f9,ba5ca9c2-2719-456e-bbb6-0ba5d38f7a6e,172.17.0.77,xs223.gdcloud.com,6a0d24d5-5baf-4c75-9eff-f762ef3fe892,WFP,
c0d25943-b3a0-4131-91da-a4a90484fef4,i-22-1891-VM,PIP,Running,true,2013-10-21T14:17:01+0800,16,2600,32768,0,NetworkFilesystem,a9d1c63c-4d6f-4a78-b1cb-cc26d15e5ae0,16CPU-32G-z3p1c3-1-nfs-slow-HA,ROOT,9b832394-f254-4f6d-ba67-ed3979ac9fc6,81e63956-ff38-4ea5-a043-b859ceac0f19,信息系统域,,caigoupingtai,XenServer,02:00:3e:24:00:04,10.1.1.194,bcb600ae-fc07-434e-938d-2da8a75515f9,5ba4c598-c4c2-4be9-9ee5-1e2ff383c8ab,172.17.0.74,xs223.gdcloud.com,6a0d24d5-5baf-4c75-9eff-f762ef3fe892,PIP,
6b4d8c99-bda3-4eba-8dc1-e19363ccd162,i-22-1890-VM,SRP,Running,true,2013-10-21T14:14:46+0800,32,2600,65536,0,NetworkFilesystem,a3e1ee08-ca8e-4a46-8db9-0875dd40ee0f,32CPU-64G-z3p1c3-1-nfs-slow-HA,ROOT,9b832394-f254-4f6d-ba67-ed3979ac9fc6,81e63956-ff38-4ea5-a043-b859ceac0f19,信息系统域,,caigoupingtai,XenServer,02:00:0c:a3:00:03,10.1.1.66,bcb600ae-fc07-434e-938d-2da8a75515f9,bda555c4-cd2a-4b35-9896-26a1c5a5986a,172.17.0.72,xs221.gdcloud.com,98cf1532-3428-4a57-8540-5653f7d3aaaf,SRP,
38cb5ac1-ee37-4470-8418-2c1f183ba2f3,i-22-1888-VM,PRD,Running,true,2013-10-21T13:55:28+0800,32,2600,65536,0,NetworkFilesystem,a3e1ee08-ca8e-4a46-8db9-0875dd40ee0f,32CPU-64G-z3p1c3-1-nfs-slow-HA,ROOT,9b832394-f254-4f6d-ba67-ed3979ac9fc6,81e63956-ff38-4ea5-a043-b859ceac0f19,信息系统域,,caigoupingtai,XenServer,02:00:7d:71:00:01,10.1.1.245,bcb600ae-fc07-434e-938d-2da8a75515f9,5816ed4e-7b56-4466-b8dc-b18ba6834802,172.17.0.71,xs224.gdcloud.com,f529bf46-947c-4a24-bb40-2b414e025e79,PRD,
a7cdd5fa-2246-430e-8cf9-b3ba6988c6e9,i-21-1887-VM,SCADA2,Running,false,2013-10-15T17:41:30+0800,4,2600,8192,0,NetworkFilesystem,71e6269d-3eae-49fc-9ceb-6e15db637952,4CPU-8G-test-nfs-z2p201c1,ROOT,9b832394-f254-4f6d-ba67-ed3979ac9fc6,8e19be3a-c953-4dec-aa74-857226de927c,生产系统资源域,,test,XenServer,02:00:7c:e9:00:0f,10.1.1.192,5203d048-6b2d-4afe-a851-22cf5cafb4fc,26c70d11-5af0-49fc-9b7f-4db99da3370f,192.168.31.182,xstest1.gdcloud.com,f1e89379-5fc2-4661-bd59-750991c2eecc,SCADA2,
977d6b08-af92-4880-a52b-8bb77449ad7a,i-17-1503-VM,GDUPC-ftpserver-vip,Running,true,2013-04-28T10:46:59+0800,4,2600,4096,0,NetworkFilesystem,b327d3bc-77d3-409d-9f10-04713539ca33,4CPU-4G-NA-SLOW-XEN,ROOT,9b832394-f254-4f6d-ba67-ed3979ac9fc6,8e19be3a-c953-4dec-aa74-857226de927c,生产系统资源域,,xenvip,XenServer,02:00:48:3f:00:01,10.1.1.79,037ee5de-d7ec-426b-8a00-48052300435d,661afd5e-90fb-4031-9f4f-5de67e3ab7bf,192.168.31.199,xs04,ea62fda7-2b91-43ff-926a-32c277676a38,GDUPC-ftpserver-vip,
df3aad4e-b924-4762-9e5f-55e58bf0d13f,i-21-1885-VM,SCADA1,Running,false,2013-10-15T17:30:12+0800,4,2600,8192,0,NetworkFilesystem,71e6269d-3eae-49fc-9ceb-6e15db637952,4CPU-8G-test-nfs-z2p201c1,ROOT,9b832394-f254-4f6d-ba67-ed3979ac9fc6,8e19be3a-c953-4dec-aa74-857226de927c,生产系统资源域,,test,XenServer,02:00:68:5f:00:0d,10.1.1.229,5203d048-6b2d-4afe-a851-22cf5cafb4fc,8f7f0a4a-970d-4201-926e-0c380cbe116a,192.168.31.181,xstest1.gdcloud.com,f1e89379-5fc2-4661-bd59-750991c2eecc,SCADA1,
501e893a-4fa3-41a5-85f5-f65aeee565a9,i-7-1881-VM,RealTimeDataServer,Running,false,2013-10-15T15:47:28+0800,2,2600,2048,0,NetworkFilesystem,5c1032de-f0e3-4249-b72b-c385f550bb89,2CPU-2G,ROOT,9b832394-f254-4f6d-ba67-ed3979ac9fc6,8e19be3a-c953-4dec-aa74-857226de927c,生产系统资源域,,fengce,XenServer,02:00:19:7a:00:3d,10.1.1.72,93f09f63-56eb-4d26-896a-058b9ac8e521,b1772f3a-8722-4008-9c4b-6fcbc23aa963,192.168.31.63,xs06.gdcloud.com,99b5cd02-19e8-4f6a-b405-a4d82fcd180d,RealTimeDataServer,
a995f189-d541-4640-899b-2a600c6f584e,i-18-1877-VM,mis-hamijijian,Running,false,2013-10-15T12:34:54+0800,4,2600,8192,0,NetworkFilesystem,024a7814-ffa5-4473-8e53-0d0f8d5098b0,4CPU-8G-is-nfs-slow,ROOT,9b832394-f254-4f6d-ba67-ed3979ac9fc6,81e63956-ff38-4ea5-a043-b859ceac0f19,信息系统域,,isinternal,XenServer,02:00:1e:14:00:15,10.1.1.165,518612eb-1d03-4995-a872-362a9c7867bd,cd145301-5cd7-4a24-92f1-40743a71a1fe,172.17.0.58,xs201.gdcloud.com,c44934c8-8a3c-4b79-9f92-bad0da86c7b1,mis-hamijijian,
b8b18b88-dff8-48e0-971a-544c5bce1620,i-18-1870-VM,EPT4WIN,Running,false,2013-10-10T15:36:17+0800,8,2600,16384,0,NetworkFilesystem,32dfae4e-c1fc-4e5b-a3ec-77ab6d36dcc4,8CPU-16G-is-netapp-slow,ROOT,9b832394-f254-4f6d-ba67-ed3979ac9fc6,81e63956-ff38-4ea5-a043-b859ceac0f19,信息系统域,,isinternal,XenServer,02:00:55:c8:00:14,10.1.1.251,518612eb-1d03-4995-a872-362a9c7867bd,e3991a0f-659e-4624-93c6-e9f7bd57593a,172.17.0.57,xs202.gdcloud.com,0960fe15-b4a4-4847-b077-bcb925714a46,EPT4WIN,
cb6fee4d-95e1-45dc-a8be-767d11f826bf,i-15-1867-VM,zsltest,Running,false,2013-09-27T20:43:43+0800,4,2600,4096,0,NetworkFilesystem,f4bfa8ae-9c5f-4411-90e3-a5c6ca47ae6e,4CPU-4G-gdupc-nfs-slow,ROOT,9b832394-f254-4f6d-ba67-ed3979ac9fc6,8e19be3a-c953-4dec-aa74-857226de927c,生产系统资源域,,gdupc,XenServer,02:00:44:0e:00:58,10.1.1.232,e17dc6cf-fcd7-4ede-8582-2b97ad20dc6a,d8ba1671-2f2f-49c5-8ba0-59990f029483,192.168.31.171,xs53.gdcloud.com,ec5a157d-4b6c-4d30-93e8-06cc7a81642a,rdp-demo,
39a9ff09-19cb-4b05-9ad0-586f28bafc56,i-14-1866-VM,PIQ,Running,false,2013-09-25T14:39:25+0800,8,2600,16384,0,NetworkFilesystem,32dfae4e-c1fc-4e5b-a3ec-77ab6d36dcc4,8CPU-16G-is-netapp-slow,ROOT,9b832394-f254-4f6d-ba67-ed3979ac9fc6,81e63956-ff38-4ea5-a043-b859ceac0f19,信息系统域,,erp,XenServer,02:00:5d:06:00:1a,10.1.1.172,87d2bd2a-bcf9-4cb9-8b88-75d1f944bf8c,92056278-77c0-4310-8b13-608423cdc084,172.17.0.63,xs202.gdcloud.com,0960fe15-b4a4-4847-b077-bcb925714a46,PIQ,
4db6e888-d07a-4ebd-9554-2f36d78446da,i-14-1865-VM,EPT,Running,false,2013-09-25T14:23:14+0800,8,2600,16384,0,NetworkFilesystem,32dfae4e-c1fc-4e5b-a3ec-77ab6d36dcc4,8CPU-16G-is-netapp-slow,ROOT,9b832394-f254-4f6d-ba67-ed3979ac9fc6,81e63956-ff38-4ea5-a043-b859ceac0f19,信息系统域,,erp,XenServer,02:00:75:3c:00:19,10.1.1.127,87d2bd2a-bcf9-4cb9-8b88-75d1f944bf8c,c0d7e83e-0e68-4db3-9835-82800ab8aea6,172.17.0.62,xs202.gdcloud.com,0960fe15-b4a4-4847-b077-bcb925714a46,EPT,
2ae3be28-35dd-4928-a328-61ffc9c73b28,i-15-1864-VM,SJZX35,Running,false,2013-09-24T10:34:38+0800,2,2600,4096,0,NetworkFilesystem,d4ae76fd-f100-49de-b140-f5e7d3200a67,2CPU-4G-gdupc-nfs-slow,ROOT,9b832394-f254-4f6d-ba67-ed3979ac9fc6,8e19be3a-c953-4dec-aa74-857226de927c,生产系统资源域,,gdupc,XenServer,02:00:0f:09:00:57,10.1.1.209,e17dc6cf-fcd7-4ede-8582-2b97ad20dc6a,f3b870ce-9cba-4007-9b05-1f1799f66009,192.168.31.159,xs53.gdcloud.com,ec5a157d-4b6c-4d30-93e8-06cc7a81642a,SJZX35,
78205a3f-8513-4878-ad9c-4253590b88d6,i-15-1863-VM,SJZX28,Running,false,2013-09-24T10:30:29+0800,2,2600,4096,0,NetworkFilesystem,d4ae76fd-f100-49de-b140-f5e7d3200a67,2CPU-4G-gdupc-nfs-slow,ROOT,9b832394-f254-4f6d-ba67-ed3979ac9fc6,8e19be3a-c953-4dec-aa74-857226de927c,生产系统资源域,,gdupc,XenServer,02:00:7f:ee:00:56,10.1.1.57,e17dc6cf-fcd7-4ede-8582-2b97ad20dc6a,db520950-be5f-4ef2-b46f-77b44c37c63c,192.168.31.32,xs51.gdcloud.com,322b5ff5-0afb-4a15-9c5c-e3f0adba90e9,SJZX28,
bd6b4c86-d619-4213-95e9-59fab25f107f,i-14-1862-VM,ERP01,Running,false,2013-09-18T15:06:01+0800,4,2600,8192,0,NetworkFilesystem,024a7814-ffa5-4473-8e53-0d0f8d5098b0,4CPU-8G-is-nfs-slow,ROOT,9b832394-f254-4f6d-ba67-ed3979ac9fc6,81e63956-ff38-4ea5-a043-b859ceac0f19,信息系统域,,erp,XenServer,02:00:3b:2e:00:18,10.1.1.65,87d2bd2a-bcf9-4cb9-8b88-75d1f944bf8c,b5c463de-be70-47ae-b424-4463cca2d856,172.17.0.37,xs202.gdcloud.com,0960fe15-b4a4-4847-b077-bcb925714a46,ERP01,
65f496d0-cc28-45c6-9f9e-3e57ac3b19f9,i-18-1861-VM,EPT,Running,false,2013-09-18T14:30:37+0800,8,2600,16384,0,NetworkFilesystem,b553e7ec-38a4-45ae-b5f0-c35f03cc4ae5,8CPU-16G-is-z3p1c2-na-slow,ROOT,9b832394-f254-4f6d-ba67-ed3979ac9fc6,81e63956-ff38-4ea5-a043-b859ceac0f19,信息系统域,,isinternal,XenServer,02:00:4b:c7:00:12,10.1.1.100,518612eb-1d03-4995-a872-362a9c7867bd,4ed9306c-04fa-490d-ae11-8462493ff090,172.17.0.56,xs213.gdcloud.com,849645e1-a5df-41be-9107-554ac019de01,EPT,
d42a12f4-fee9-4c42-9b8e-a0088ba2a723,i-18-1860-VM,QAS,Running,false,2013-09-18T13:44:59+0800,8,2600,16384,0,NetworkFilesystem,b553e7ec-38a4-45ae-b5f0-c35f03cc4ae5,8CPU-16G-is-z3p1c2-na-slow,ROOT,9b832394-f254-4f6d-ba67-ed3979ac9fc6,81e63956-ff38-4ea5-a043-b859ceac0f19,信息系统域,,isinternal,XenServer,02:00:65:e2:00:11,10.1.1.244,518612eb-1d03-4995-a872-362a9c7867bd,2a0db381-22bc-4658-9f35-37c82795f55f,172.17.0.55,xs213.gdcloud.com,849645e1-a5df-41be-9107-554ac019de01,QAS,
1b06afc3-6c71-4845-b0a8-5dbf2cbe5681,i-15-1854-VM,gdupc-ftp,Running,false,2013-09-06T15:04:30+0800,4,2600,4096,0,NetworkFilesystem,f4bfa8ae-9c5f-4411-90e3-a5c6ca47ae6e,4CPU-4G-gdupc-nfs-slow,ROOT,9b832394-f254-4f6d-ba67-ed3979ac9fc6,8e19be3a-c953-4dec-aa74-857226de927c,生产系统资源域,,gdupc,XenServer,02:00:52:f8:00:50,10.1.1.178,e17dc6cf-fcd7-4ede-8582-2b97ad20dc6a,71c0063e-2762-4e76-8fe3-1f1e5eae092a,192.168.31.40,xs53.gdcloud.com,ec5a157d-4b6c-4d30-93e8-06cc7a81642a,gdupc-ftp,
5a52436e-d9c3-428b-ae6d-157516e4d899,i-18-1853-VM,SAPBW,Running,false,2013-09-02T10:03:54+0800,8,2600,16384,0,NetworkFilesystem,b553e7ec-38a4-45ae-b5f0-c35f03cc4ae5,8CPU-16G-is-z3p1c2-na-slow,ROOT,9b832394-f254-4f6d-ba67-ed3979ac9fc6,81e63956-ff38-4ea5-a043-b859ceac0f19,信息系统域,,isinternal,XenServer,02:00:11:14:00:10,10.1.1.88,518612eb-1d03-4995-a872-362a9c7867bd,f2ed38e3-3ddf-47d4-9fe1-677b6ef2c865,172.17.0.54,xs212.gdcloud.com,1c35071c-5af0-4ea1-8105-4f541c5186b4,SAPBW,
40913dca-8e84-4f9e-843b-bc8b52e7c898,i-18-1852-VM,SAPBO,Running,false,2013-09-02T09:59:25+0800,8,2600,16384,0,NetworkFilesystem,b553e7ec-38a4-45ae-b5f0-c35f03cc4ae5,8CPU-16G-is-z3p1c2-na-slow,ROOT,9b832394-f254-4f6d-ba67-ed3979ac9fc6,81e63956-ff38-4ea5-a043-b859ceac0f19,信息系统域,,isinternal,XenServer,02:00:67:73:00:0f,10.1.1.5,518612eb-1d03-4995-a872-362a9c7867bd,b092b878-76d4-48dc-bff1-b293d8292e80,172.17.0.53,xs213.gdcloud.com,849645e1-a5df-41be-9107-554ac019de01,SAPBO,
cd75ccdf-c04b-4ac1-9ca8-df9070b3c11d,i-14-1846-VM,SRMQAS,Running,false,2013-08-23T14:34:35+0800,8,2600,16384,0,NetworkFilesystem,32dfae4e-c1fc-4e5b-a3ec-77ab6d36dcc4,8CPU-16G-is-netapp-slow,ROOT,9b832394-f254-4f6d-ba67-ed3979ac9fc6,81e63956-ff38-4ea5-a043-b859ceac0f19,信息系统域,,erp,XenServer,02:00:10:10:00:17,10.1.1.58,87d2bd2a-bcf9-4cb9-8b88-75d1f944bf8c,91a52e76-eaa8-4b56-abb1-0387cefd0c6b,172.17.0.36,xs204.gdcloud.com,67e41861-b793-47df-91ba-1e0507670013,SRMQAS,
6fed5ed7-09fb-4d2a-940d-d74b5f036891,i-14-1845-VM,ERPQAS,Running,false,2013-08-23T13:31:11+0800,8,2600,16384,0,NetworkFilesystem,32dfae4e-c1fc-4e5b-a3ec-77ab6d36dcc4,8CPU-16G-is-netapp-slow,ROOT,9b832394-f254-4f6d-ba67-ed3979ac9fc6,81e63956-ff38-4ea5-a043-b859ceac0f19,信息系统域,,erp,XenServer,02:00:6f:52:00:16,10.1.1.4,87d2bd2a-bcf9-4cb9-8b88-75d1f944bf8c,2d1ee1f7-8970-47eb-9200-740dbfad0daa,172.17.0.35,xs202.gdcloud.com,0960fe15-b4a4-4847-b077-bcb925714a46,ERPQAS,
61bf0a3f-3a37-4f0f-9de7-c446639337af,i-18-1844-VM,GDHR-EP,Running,false,2013-08-21T14:11:01+0800,8,2600,16384,0,NetworkFilesystem,32dfae4e-c1fc-4e5b-a3ec-77ab6d36dcc4,8CPU-16G-is-netapp-slow,ROOT,9b832394-f254-4f6d-ba67-ed3979ac9fc6,81e63956-ff38-4ea5-a043-b859ceac0f19,信息系统域,,isinternal,XenServer,02:00:4b:51:00:0e,10.1.1.3,518612eb-1d03-4995-a872-362a9c7867bd,28542552-89d2-4c5e-a74e-bb8817468c33,172.17.0.50,xs201.gdcloud.com,c44934c8-8a3c-4b79-9f92-bad0da86c7b1,GDHR-EP,
a48e0d15-3352-45b0-be29-a563bd09d88e,i-10-1842-VM,win7-M-test,Running,false,2013-08-16T16:32:50+0800,4,2600,4096,0,NetworkFilesystem,c4c46cc0-c1d3-4e33-8f77-a032f58678d4,4CPU-4G-is-nfs-slow,ROOT,9b832394-f254-4f6d-ba67-ed3979ac9fc6,81e63956-ff38-4ea5-a043-b859ceac0f19,信息系统域,,dangyuanzhijia,XenServer,02:00:75:43:00:0c,10.1.1.164,e36090e7-9ade-48f2-94a6-0219f506693c,008a58ba-c373-40d7-8a9d-faf3f190e483,172.17.0.64,xs202.gdcloud.com,0960fe15-b4a4-4847-b077-bcb925714a46,win7-M-test,
aae75033-5f39-47e4-9f99-5d2462356b66,i-14-1841-VM,EPC-DEMO,Running,false,2013-08-13T10:42:29+0800,16,2600,32768,0,NetworkFilesystem,9b2669e1-6d54-4adb-8f7a-52eee38bf0ca,16CPU-32G-is-z3p1c2-na-slow,ROOT,9b832394-f254-4f6d-ba67-ed3979ac9fc6,81e63956-ff38-4ea5-a043-b859ceac0f19,信息系统域,,erp,XenServer,02:00:72:30:00:15,10.1.1.254,87d2bd2a-bcf9-4cb9-8b88-75d1f944bf8c,6d884d29-c365-43ed-96f6-5520160bf336,172.17.0.29,xs211.gdcloud.com,545ee154-610b-4b67-8bc2-1f0483f2c795,EPC-DEMO,
1dbdde01-e91e-4042-b8fd-4861cb7e33be,i-18-1840-VM,SAPHCMT,Running,false,2013-08-13T09:47:12+0800,16,2600,32768,0,NetworkFilesystem,9b2669e1-6d54-4adb-8f7a-52eee38bf0ca,16CPU-32G-is-z3p1c2-na-slow,ROOT,9b832394-f254-4f6d-ba67-ed3979ac9fc6,81e63956-ff38-4ea5-a043-b859ceac0f19,信息系统域,,isinternal,XenServer,02:00:3f:6d:00:0c,10.1.1.71,518612eb-1d03-4995-a872-362a9c7867bd,930dda7e-de6e-4f7d-8f5a-152f85531019,172.17.0.49,xs211.gdcloud.com,545ee154-610b-4b67-8bc2-1f0483f2c795,SAPHCMT,
2ffbdb4f-1e83-4919-aba5-190505c4554d,i-18-1839-VM,win7-4,Stopped,true,2013-08-09T13:54:06+0800,4,2600,4096,0,NetworkFilesystem,f7b9ea6a-1979-4a7c-a9fc-343a42fc4e03,4CPU-4G-is-z3p1c2-na-slow,ROOT,9b832394-f254-4f6d-ba67-ed3979ac9fc6,81e63956-ff38-4ea5-a043-b859ceac0f19,信息系统域,,isinternal,XenServer,02:00:4f:f0:00:0b,10.1.1.215,518612eb-1d03-4995-a872-362a9c7867bd,4b3d2882-95c6-47eb-b0f6-65abe1c89cbf,172.17.0.48,,0,(no)win7-4,
343ef42e-74f3-4ebd-aef1-fa69bb8c4bdf,i-17-1838-VM,DC2,Running,true,2013-08-08T14:20:32+0800,6,2600,8192,0,NetworkFilesystem,0dc1f5a2-b245-4034-b9a3-84218a61e95d,6CPU-8G-is-z3p1c2-na-slow,ROOT,9b832394-f254-4f6d-ba67-ed3979ac9fc6,81e63956-ff38-4ea5-a043-b859ceac0f19,信息系统域,,xenvip,XenServer,02:00:2d:14:00:04,10.1.1.200,055c00f5-f675-4067-ba3b-86ffff890351,01765920-03f7-45fe-9b02-7aa642bba9ce,172.17.0.52,xs211.gdcloud.com,545ee154-610b-4b67-8bc2-1f0483f2c795,DC2,
11309bc2-df60-44cc-9e60-7f103ed80ddf,i-18-1837-VM,win7-3,Stopped,true,2013-08-06T15:36:51+0800,4,2600,4096,0,NetworkFilesystem,f7b9ea6a-1979-4a7c-a9fc-343a42fc4e03,4CPU-4G-is-z3p1c2-na-slow,ROOT,9b832394-f254-4f6d-ba67-ed3979ac9fc6,81e63956-ff38-4ea5-a043-b859ceac0f19,信息系统域,,isinternal,XenServer,02:00:14:08:00:0a,10.1.1.60,518612eb-1d03-4995-a872-362a9c7867bd,ae97b70f-ee07-4128-9200-bd02e71cb5ce,172.17.0.47,,0,(no)win7-3,
12a721f0-5974-4b12-b461-795c5f5f0008,i-18-1836-VM,win7-1,Running,true,2013-08-06T15:21:39+0800,4,2600,4096,0,NetworkFilesystem,f7b9ea6a-1979-4a7c-a9fc-343a42fc4e03,4CPU-4G-is-z3p1c2-na-slow,ROOT,9b832394-f254-4f6d-ba67-ed3979ac9fc6,81e63956-ff38-4ea5-a043-b859ceac0f19,信息系统域,,isinternal,XenServer,02:00:75:84:00:09,10.1.1.61,518612eb-1d03-4995-a872-362a9c7867bd,9df11191-cbe0-488c-abff-8039d772cf17,172.17.0.45,xs211.gdcloud.com,545ee154-610b-4b67-8bc2-1f0483f2c795,win7-1,
6350dcc3-bf7b-4662-a0b5-5a857f888c90,i-18-1834-VM,win7-2,Running,true,2013-08-06T10:15:51+0800,4,2600,4096,0,NetworkFilesystem,f7b9ea6a-1979-4a7c-a9fc-343a42fc4e03,4CPU-4G-is-z3p1c2-na-slow,ROOT,9b832394-f254-4f6d-ba67-ed3979ac9fc6,81e63956-ff38-4ea5-a043-b859ceac0f19,信息系统域,,isinternal,XenServer,02:00:7c:97:00:07,10.1.1.65,518612eb-1d03-4995-a872-362a9c7867bd,441a4e73-aae1-4d15-b417-53dfe4469a63,172.17.0.46,xs212.gdcloud.com,1c35071c-5af0-4ea1-8105-4f541c5186b4,win7-2,
0c8c7709-87ae-48c8-8536-db8d6ae5cd5e,i-17-1832-VM,AD,Running,true,2013-08-06T10:00:13+0800,6,2600,8192,0,NetworkFilesystem,0dc1f5a2-b245-4034-b9a3-84218a61e95d,6CPU-8G-is-z3p1c2-na-slow,ROOT,9b832394-f254-4f6d-ba67-ed3979ac9fc6,81e63956-ff38-4ea5-a043-b859ceac0f19,信息系统域,,xenvip,XenServer,02:00:49:55:00:03,10.1.1.127,055c00f5-f675-4067-ba3b-86ffff890351,53f58a61-12d5-4765-8745-bedec76e6114,172.17.0.51,xs213.gdcloud.com,849645e1-a5df-41be-9107-554ac019de01,AD,
baeba622-fa1e-4410-9073-83a10d206e93,i-19-1831-VM,HD-WEB,Running,false,2013-08-05T13:40:04+0800,4,2600,8192,0,NetworkFilesystem,1c282de2-9b66-438b-be48-55a334cdde44,4CPU-8G-na-slow-xen,ROOT,9b832394-f254-4f6d-ba67-ed3979ac9fc6,8e19be3a-c953-4dec-aa74-857226de927c,生产系统资源域,,dianzhan,XenServer,02:00:0c:33:00:04,10.1.1.43,4344a205-e9ec-4182-b4ce-505f662982a2,d10bb16f-6cf1-487d-9879-d7f912be0d30,192.168.31.13,xs06.gdcloud.com,99b5cd02-19e8-4f6a-b405-a4d82fcd180d,HD-WEB,
c4ec7ec4-0a89-49c5-b2c2-73d42bab6f2b,i-18-1829-VM,ERP-HCM-DEV,Running,false,2013-08-02T18:04:11+0800,16,2600,32768,0,NetworkFilesystem,7816f98b-aafc-4f57-a999-41858199cc6d,16CPU-32G-is-z3p1c2-na-slow,ROOT,9b832394-f254-4f6d-ba67-ed3979ac9fc6,81e63956-ff38-4ea5-a043-b859ceac0f19,信息系统域,,isinternal,XenServer,02:00:1e:7a:00:05,10.1.1.36,518612eb-1d03-4995-a872-362a9c7867bd,64b2dc21-98ee-4e38-9fe1-61f623d51b97,172.17.0.44,xs212.gdcloud.com,1c35071c-5af0-4ea1-8105-4f541c5186b4,ERP-HCM-DEV,
aa5e35ca-f2f1-4b04-aba6-d04641335d02,i-18-1828-VM,filemanage,Running,false,2013-08-02T17:48:58+0800,8,2600,16384,0,NetworkFilesystem,b553e7ec-38a4-45ae-b5f0-c35f03cc4ae5,8CPU-16G-is-z3p1c2-na-slow,ROOT,9b832394-f254-4f6d-ba67-ed3979ac9fc6,81e63956-ff38-4ea5-a043-b859ceac0f19,信息系统域,,isinternal,XenServer,02:00:4c:21:00:04,10.1.1.126,518612eb-1d03-4995-a872-362a9c7867bd,101ea8b6-e812-427b-ae9e-ad496dac1804,172.17.0.43,xs213.gdcloud.com,849645e1-a5df-41be-9107-554ac019de01,filemanage,
c5aec13c-76f9-4a03-95d7-5b0025ff2e8a,i-15-1827-VM,data-transmit1,Running,false,2013-07-26T11:00:47+0800,4,2600,8192,0,NetworkFilesystem,4dcd333f-df40-46af-b104-b15e4575da3d,4CPU-8G-gdupc-nfs-slow,ROOT,9b832394-f254-4f6d-ba67-ed3979ac9fc6,8e19be3a-c953-4dec-aa74-857226de927c,生产系统资源域,,gdupc,XenServer,02:00:34:5c:00:4d,10.1.1.210,e17dc6cf-fcd7-4ede-8582-2b97ad20dc6a,9985ca72-f69d-47cf-857d-b9325ab13d6a,192.168.31.54,xs53.gdcloud.com,ec5a157d-4b6c-4d30-93e8-06cc7a81642a,data-transmit1,
06f14405-3643-4959-8030-3c5a2246cc05,i-15-1825-VM,SJZX34,Stopped,false,2013-07-25T17:10:07+0800,2,2600,4096,0,NetworkFilesystem,d4ae76fd-f100-49de-b140-f5e7d3200a67,2CPU-4G-gdupc-nfs-slow,ROOT,9b832394-f254-4f6d-ba67-ed3979ac9fc6,8e19be3a-c953-4dec-aa74-857226de927c,生产系统资源域,,gdupc,XenServer,02:00:22:17:00:4b,10.1.1.164,e17dc6cf-fcd7-4ede-8582-2b97ad20dc6a,,,,0,(no)SJZX34,
808dc46f-151f-44ca-9834-f2900a62168c,i-15-1824-VM,SJZX33,Stopped,false,2013-07-25T17:09:23+0800,2,2600,4096,0,NetworkFilesystem,d4ae76fd-f100-49de-b140-f5e7d3200a67,2CPU-4G-gdupc-nfs-slow,ROOT,9b832394-f254-4f6d-ba67-ed3979ac9fc6,8e19be3a-c953-4dec-aa74-857226de927c,生产系统资源域,,gdupc,XenServer,02:00:53:89:00:4a,10.1.1.38,e17dc6cf-fcd7-4ede-8582-2b97ad20dc6a,746f3a63-5938-4dd4-841f-6619798aab50,192.168.31.155,,0,(no)SJZX33,
da9bb093-006d-4a4c-9d59-d2d34cd2fead,i-15-1823-VM,SJZX32,Stopped,false,2013-07-25T16:26:22+0800,2,2600,4096,0,NetworkFilesystem,d4ae76fd-f100-49de-b140-f5e7d3200a67,2CPU-4G-gdupc-nfs-slow,ROOT,9b832394-f254-4f6d-ba67-ed3979ac9fc6,8e19be3a-c953-4dec-aa74-857226de927c,生产系统资源域,,gdupc,XenServer,02:00:40:32:00:49,10.1.1.73,e17dc6cf-fcd7-4ede-8582-2b97ad20dc6a,2b3103e3-5b72-4f33-beba-aac922882c03,192.168.31.154,,0,(no)SJZX32,
2bc427b4-3f6e-44ca-b626-4a083db85158,i-15-1822-VM,SJZX31,Stopped,false,2013-07-25T16:25:19+0800,2,2600,4096,0,NetworkFilesystem,d4ae76fd-f100-49de-b140-f5e7d3200a67,2CPU-4G-gdupc-nfs-slow,ROOT,9b832394-f254-4f6d-ba67-ed3979ac9fc6,8e19be3a-c953-4dec-aa74-857226de927c,生产系统资源域,,gdupc,XenServer,02:00:5a:ec:00:48,10.1.1.189,e17dc6cf-fcd7-4ede-8582-2b97ad20dc6a,8899fcac-c303-426e-8575-d71181e27cb1,192.168.31.153,,0,(no)SJZX31,
f138a248-336c-4d78-ac94-10ee0e21a931,i-15-1821-VM,SJZX30,Stopped,false,2013-07-25T16:10:08+0800,2,2600,4096,0,NetworkFilesystem,d4ae76fd-f100-49de-b140-f5e7d3200a67,2CPU-4G-gdupc-nfs-slow,ROOT,9b832394-f254-4f6d-ba67-ed3979ac9fc6,8e19be3a-c953-4dec-aa74-857226de927c,生产系统资源域,,gdupc,XenServer,02:00:7e:21:00:47,10.1.1.250,e17dc6cf-fcd7-4ede-8582-2b97ad20dc6a,58078eca-9ce4-4226-b0de-3b2b8188db6d,192.168.31.34,,0,(no)SJZX30,
3cb41754-cf1e-4b2d-afbe-fccb7c7deb0e,i-16-1819-VM,test01-1month,Running,false,2013-07-24T14:41:48+0800,4,2600,4096,0,NetworkFilesystem,c4c46cc0-c1d3-4e33-8f77-a032f58678d4,4CPU-4G-is-nfs-slow,ROOT,9b832394-f254-4f6d-ba67-ed3979ac9fc6,81e63956-ff38-4ea5-a043-b859ceac0f19,信息系统域,,jituanoamis,XenServer,02:00:00:a5:00:0c,10.1.1.83,6f96e913-21f7-4e8e-b71c-3bec2aaece55,05b852b8-a062-4a3e-9bed-41d1be028660,172.17.0.38,xs203.gdcloud.com,d102a8f5-089d-4a71-a7d1-30fcca5c7885,风电场生产管理系统,
c59c4869-9557-4c30-a121-f49ea132486b,i-19-1817-VM,HD-TREN,Running,false,2013-07-23T17:39:59+0800,2,2600,4096,0,NetworkFilesystem,2e65cecf-6631-4705-8b7d-b8e108bc6b16,2CPU-4G-NA-SLOW-XEN,ROOT,9b832394-f254-4f6d-ba67-ed3979ac9fc6,8e19be3a-c953-4dec-aa74-857226de927c,生产系统资源域,,dianzhan,XenServer,02:00:06:31:00:01,10.1.1.209,4344a205-e9ec-4182-b4ce-505f662982a2,8e7545d8-f788-46a7-8a3c-46e88ab38206,192.168.31.191,xs06.gdcloud.com,99b5cd02-19e8-4f6a-b405-a4d82fcd180d,HD-TREN,
bcbc8eb8-4dbc-4ace-bbef-ddef1669033c,i-14-1816-VM,SAPPIT,Running,false,2013-07-16T12:45:43+0800,8,2600,16384,0,NetworkFilesystem,32dfae4e-c1fc-4e5b-a3ec-77ab6d36dcc4,8CPU-16G-is-netapp-slow,ROOT,9b832394-f254-4f6d-ba67-ed3979ac9fc6,81e63956-ff38-4ea5-a043-b859ceac0f19,信息系统域,,erp,XenServer,02:00:0f:c6:00:14,10.1.1.198,87d2bd2a-bcf9-4cb9-8b88-75d1f944bf8c,77967eca-7fe9-4d00-acb1-b28a8b25f16f,172.17.0.34,xs201.gdcloud.com,c44934c8-8a3c-4b79-9f92-bad0da86c7b1,SAPPIT,
b9410394-156f-4904-80d5-749f53132cf8,i-14-1815-VM,SAPPT,Running,false,2013-07-16T12:32:37+0800,8,2600,16384,0,NetworkFilesystem,32dfae4e-c1fc-4e5b-a3ec-77ab6d36dcc4,8CPU-16G-is-netapp-slow,ROOT,9b832394-f254-4f6d-ba67-ed3979ac9fc6,81e63956-ff38-4ea5-a043-b859ceac0f19,信息系统域,,erp,XenServer,02:00:2b:ab:00:13,10.1.1.243,87d2bd2a-bcf9-4cb9-8b88-75d1f944bf8c,6f37d8aa-2096-42c4-ba89-bd5bb0d56615,172.17.0.33,xs202.gdcloud.com,0960fe15-b4a4-4847-b077-bcb925714a46,SAPPT,
c467c0c0-68d2-4690-a05e-8695b21c8b79,i-14-1814-VM,SAPERPT,Running,false,2013-07-16T10:33:10+0800,8,2600,16384,0,NetworkFilesystem,32dfae4e-c1fc-4e5b-a3ec-77ab6d36dcc4,8CPU-16G-is-netapp-slow,ROOT,9b832394-f254-4f6d-ba67-ed3979ac9fc6,81e63956-ff38-4ea5-a043-b859ceac0f19,信息系统域,,erp,XenServer,02:00:52:80:00:12,10.1.1.86,87d2bd2a-bcf9-4cb9-8b88-75d1f944bf8c,dbf813c0-0014-442a-acbd-d0ececbe365a,172.17.0.32,xs202.gdcloud.com,0960fe15-b4a4-4847-b077-bcb925714a46,SAPERPT,
7bfcf807-f400-4dbe-8467-88820ae1a0b1,i-14-1813-VM,SAPSRMT,Running,false,2013-07-16T10:11:28+0800,8,2600,16384,0,NetworkFilesystem,32dfae4e-c1fc-4e5b-a3ec-77ab6d36dcc4,8CPU-16G-is-netapp-slow,ROOT,9b832394-f254-4f6d-ba67-ed3979ac9fc6,81e63956-ff38-4ea5-a043-b859ceac0f19,信息系统域,,erp,XenServer,02:00:52:25:00:11,10.1.1.183,87d2bd2a-bcf9-4cb9-8b88-75d1f944bf8c,eae0962e-c4ea-4a94-98fa-3001cb57ab85,172.17.0.31,xs203.gdcloud.com,d102a8f5-089d-4a71-a7d1-30fcca5c7885,SAPSRMT,
65000cba-c6ea-4a75-862c-1c47b5e74049,i-14-1812-VM,SAPPI,Running,false,2013-07-15T14:23:41+0800,8,2600,16384,0,NetworkFilesystem,32dfae4e-c1fc-4e5b-a3ec-77ab6d36dcc4,8CPU-16G-is-netapp-slow,ROOT,9b832394-f254-4f6d-ba67-ed3979ac9fc6,81e63956-ff38-4ea5-a043-b859ceac0f19,信息系统域,,erp,XenServer,02:00:78:a0:00:10,10.1.1.142,87d2bd2a-bcf9-4cb9-8b88-75d1f944bf8c,5ed15b26-9b5e-4b11-a8fd-74c03a9da599,172.17.0.30,xs204.gdcloud.com,67e41861-b793-47df-91ba-1e0507670013,SAPPI,
103f3aed-cb46-4caf-9ee2-efc7e6daf539,i-14-1809-VM,saped,Running,false,2013-07-11T10:51:05+0800,8,2600,32768,0,NetworkFilesystem,143e85d6-e8c6-4e19-b74a-15c3a77fcca2,8CPU-32G-is-nfs-fast,ROOT,9b832394-f254-4f6d-ba67-ed3979ac9fc6,81e63956-ff38-4ea5-a043-b859ceac0f19,信息系统域,,erp,XenServer,02:00:3f:8c:00:0d,10.1.1.199,87d2bd2a-bcf9-4cb9-8b88-75d1f944bf8c,b8eb1a6a-0603-4066-a8e1-ddfd4596bd7a,172.17.0.28,xs203.gdcloud.com,d102a8f5-089d-4a71-a7d1-30fcca5c7885,saped,
4c3c87bc-735b-4121-9f0a-8ebb15799ae8,i-14-1808-VM,SAPSD,Running,false,2013-07-11T09:39:43+0800,8,2600,32768,0,NetworkFilesystem,143e85d6-e8c6-4e19-b74a-15c3a77fcca2,8CPU-32G-is-nfs-fast,ROOT,9b832394-f254-4f6d-ba67-ed3979ac9fc6,81e63956-ff38-4ea5-a043-b859ceac0f19,信息系统域,,erp,XenServer,02:00:05:73:00:0c,10.1.1.158,87d2bd2a-bcf9-4cb9-8b88-75d1f944bf8c,3bf60e9a-d2c0-492d-b60b-471485817fba,172.17.0.27,xs201.gdcloud.com,c44934c8-8a3c-4b79-9f92-bad0da86c7b1,SAPSD,
901f4538-3c29-4b0f-bb3c-47f2f2e5728c,i-10-1807-VM,webportal,Running,false,2013-07-08T16:31:00+0800,6,2600,8192,0,NetworkFilesystem,18e10d42-92ad-463e-b749-a20801bd886a,6CPU-8G-is-nfs-slow,ROOT,9b832394-f254-4f6d-ba67-ed3979ac9fc6,81e63956-ff38-4ea5-a043-b859ceac0f19,信息系统域,,dangyuanzhijia,XenServer,02:00:27:6e:00:0b,10.1.1.195,e36090e7-9ade-48f2-94a6-0219f506693c,e96b628e-ec07-48d4-8c30-943a99a7db8f,172.17.0.26,xs202.gdcloud.com,0960fe15-b4a4-4847-b077-bcb925714a46,webportal,
c10a8457-b933-4aba-924d-a020dedaabcb,i-14-1806-VM,SAPIDES,Running,false,2013-07-08T14:11:06+0800,8,2600,16384,0,NetworkFilesystem,b73248bd-09a1-466e-8e65-6f964755a388,8CPU-16G-10G-is-lun-fast,ROOT,9b832394-f254-4f6d-ba67-ed3979ac9fc6,81e63956-ff38-4ea5-a043-b859ceac0f19,信息系统域,,erp,XenServer,02:00:55:e0:00:0b,10.1.1.98,87d2bd2a-bcf9-4cb9-8b88-75d1f944bf8c,37f931ac-b36a-44b9-a93b-390dd09de077,172.17.0.19,xs204.gdcloud.com,67e41861-b793-47df-91ba-1e0507670013,SAPIDES,
ea6798e1-963c-4562-83c0-b1fd37d0675f,i-15-1797-VM,SJZX29,Running,false,2013-06-21T16:18:00+0800,2,2600,4096,0,NetworkFilesystem,d4ae76fd-f100-49de-b140-f5e7d3200a67,2CPU-4G-gdupc-nfs-slow,ROOT,9b832394-f254-4f6d-ba67-ed3979ac9fc6,8e19be3a-c953-4dec-aa74-857226de927c,生产系统资源域,,gdupc,XenServer,02:00:3b:b2:00:3e,10.1.1.212,e17dc6cf-fcd7-4ede-8582-2b97ad20dc6a,c9255b76-6739-4229-a930-5707ec543d7f,192.168.31.33,xs53.gdcloud.com,ec5a157d-4b6c-4d30-93e8-06cc7a81642a,SJZX29,
7a1aefe8-8006-4034-a4b2-4d8c87bd96db,i-15-1795-VM,SJZX27,Running,false,2013-06-21T16:14:46+0800,2,2600,4096,0,NetworkFilesystem,d4ae76fd-f100-49de-b140-f5e7d3200a67,2CPU-4G-gdupc-nfs-slow,ROOT,9b832394-f254-4f6d-ba67-ed3979ac9fc6,8e19be3a-c953-4dec-aa74-857226de927c,生产系统资源域,,gdupc,XenServer,02:00:2b:5b:00:3c,10.1.1.163,e17dc6cf-fcd7-4ede-8582-2b97ad20dc6a,e744b697-c958-48da-8e21-45294a16e185,192.168.31.31,xs51.gdcloud.com,322b5ff5-0afb-4a15-9c5c-e3f0adba90e9,SJZX27,
b556f8d5-2404-466c-8ded-71a6b9c5ded6,i-15-1794-VM,SJZX26,Running,false,2013-06-21T16:13:32+0800,2,2600,4096,0,NetworkFilesystem,d4ae76fd-f100-49de-b140-f5e7d3200a67,2CPU-4G-gdupc-nfs-slow,ROOT,9b832394-f254-4f6d-ba67-ed3979ac9fc6,8e19be3a-c953-4dec-aa74-857226de927c,生产系统资源域,,gdupc,XenServer,02:00:43:e3:00:3b,10.1.1.61,e17dc6cf-fcd7-4ede-8582-2b97ad20dc6a,79ccea31-2bcf-4b4b-a609-788e779f1b89,192.168.31.146,xs53.gdcloud.com,ec5a157d-4b6c-4d30-93e8-06cc7a81642a,SJZX26,
1a402853-b780-4010-98a4-1d4f7ce50e83,i-15-1793-VM,SJZX16,Running,false,2013-06-21T16:03:32+0800,4,2600,4096,0,NetworkFilesystem,f4bfa8ae-9c5f-4411-90e3-a5c6ca47ae6e,4CPU-4G-gdupc-nfs-slow,ROOT,9b832394-f254-4f6d-ba67-ed3979ac9fc6,8e19be3a-c953-4dec-aa74-857226de927c,生产系统资源域,,gdupc,XenServer,02:00:38:70:00:3a,10.1.1.27,e17dc6cf-fcd7-4ede-8582-2b97ad20dc6a,c85be8cb-c8b5-482d-9b7e-ced0a47b9bd3,192.168.31.62,xs226.gdcloud.com,82bb8be7-15b4-4716-9bf3-5169182118bf,SJZX16,
402d1127-dbe3-44fc-ad5f-635fbd665917,i-15-1792-VM,SJZX15,Running,false,2013-06-21T15:31:18+0800,4,2600,4096,0,NetworkFilesystem,f4bfa8ae-9c5f-4411-90e3-a5c6ca47ae6e,4CPU-4G-gdupc-nfs-slow,ROOT,9b832394-f254-4f6d-ba67-ed3979ac9fc6,8e19be3a-c953-4dec-aa74-857226de927c,生产系统资源域,,gdupc,XenServer,02:00:27:44:00:39,10.1.1.208,e17dc6cf-fcd7-4ede-8582-2b97ad20dc6a,d54981a1-f76a-4af4-9716-4d88bfb70b3d,192.168.31.48,xs51.gdcloud.com,322b5ff5-0afb-4a15-9c5c-e3f0adba90e9,SJZX15,
93e43ac2-4b2f-4a41-94c7-b646ea93c56c,i-15-1791-VM,SJZX25,Running,false,2013-06-21T10:51:27+0800,2,2600,4096,0,NetworkFilesystem,d4ae76fd-f100-49de-b140-f5e7d3200a67,2CPU-4G-gdupc-nfs-slow,ROOT,9b832394-f254-4f6d-ba67-ed3979ac9fc6,8e19be3a-c953-4dec-aa74-857226de927c,生产系统资源域,,gdupc,XenServer,02:00:42:25:00:38,10.1.1.218,e17dc6cf-fcd7-4ede-8582-2b97ad20dc6a,0fbbe97f-5f1d-40ab-9881-0380c47f2719,192.168.31.24,xs51.gdcloud.com,322b5ff5-0afb-4a15-9c5c-e3f0adba90e9,SJZX25,
0759443a-c7ae-4c8a-a54a-591ad1632123,i-15-1790-VM,SJZX24,Running,false,2013-06-21T10:50:23+0800,2,2600,4096,0,NetworkFilesystem,d4ae76fd-f100-49de-b140-f5e7d3200a67,2CPU-4G-gdupc-nfs-slow,ROOT,9b832394-f254-4f6d-ba67-ed3979ac9fc6,8e19be3a-c953-4dec-aa74-857226de927c,生产系统资源域,,gdupc,XenServer,02:00:2b:bb:00:37,10.1.1.183,e17dc6cf-fcd7-4ede-8582-2b97ad20dc6a,1774ee64-658f-4853-a71c-2229825c66b5,192.168.31.19,xs53.gdcloud.com,ec5a157d-4b6c-4d30-93e8-06cc7a81642a,SJZX24,
66474fab-edb1-4ebe-a407-bc15ecf75fbc,i-15-1789-VM,SJZX23,Running,false,2013-06-21T10:49:25+0800,2,2600,4096,0,NetworkFilesystem,d4ae76fd-f100-49de-b140-f5e7d3200a67,2CPU-4G-gdupc-nfs-slow,ROOT,9b832394-f254-4f6d-ba67-ed3979ac9fc6,8e19be3a-c953-4dec-aa74-857226de927c,生产系统资源域,,gdupc,XenServer,02:00:78:ab:00:36,10.1.1.128,e17dc6cf-fcd7-4ede-8582-2b97ad20dc6a,8942cdf2-d9d6-4efb-9935-a5eae6076a7a,192.168.31.18,xs226.gdcloud.com,82bb8be7-15b4-4716-9bf3-5169182118bf,SJZX23,
29139a4c-f683-48b7-9903-34526b81bf73,i-15-1788-VM,SJZX22,Running,false,2013-06-21T10:48:55+0800,2,2600,4096,0,NetworkFilesystem,d4ae76fd-f100-49de-b140-f5e7d3200a67,2CPU-4G-gdupc-nfs-slow,ROOT,9b832394-f254-4f6d-ba67-ed3979ac9fc6,8e19be3a-c953-4dec-aa74-857226de927c,生产系统资源域,,gdupc,XenServer,02:00:04:ce:00:35,10.1.1.46,e17dc6cf-fcd7-4ede-8582-2b97ad20dc6a,1458ff77-f076-42cb-8972-9cfa1bfb1815,192.168.31.17,xs53.gdcloud.com,ec5a157d-4b6c-4d30-93e8-06cc7a81642a,SJZX22,
c3f2ac6b-2d0e-491a-9dcc-cbb8bc2c43ff,i-15-1787-VM,SJZX21,Running,false,2013-06-21T10:32:18+0800,4,2600,4096,0,NetworkFilesystem,f4bfa8ae-9c5f-4411-90e3-a5c6ca47ae6e,4CPU-4G-gdupc-nfs-slow,ROOT,9b832394-f254-4f6d-ba67-ed3979ac9fc6,8e19be3a-c953-4dec-aa74-857226de927c,生产系统资源域,,gdupc,XenServer,02:00:57:6e:00:34,10.1.1.58,e17dc6cf-fcd7-4ede-8582-2b97ad20dc6a,23c647a3-aaab-483f-8975-61f3b358fafb,192.168.31.16,xs53.gdcloud.com,ec5a157d-4b6c-4d30-93e8-06cc7a81642a,SJZX21,
13708b16-199c-421f-98c5-6687aafef3a4,i-15-1786-VM,SJZX20,Running,false,2013-06-21T09:29:12+0800,4,2600,4096,0,NetworkFilesystem,f4bfa8ae-9c5f-4411-90e3-a5c6ca47ae6e,4CPU-4G-gdupc-nfs-slow,ROOT,9b832394-f254-4f6d-ba67-ed3979ac9fc6,8e19be3a-c953-4dec-aa74-857226de927c,生产系统资源域,,gdupc,XenServer,02:00:54:27:00:33,10.1.1.216,e17dc6cf-fcd7-4ede-8582-2b97ad20dc6a,7c90a80e-3d6d-4975-a5c5-6bfa4ac9390c,192.168.31.15,xs52.gdcloud.com,9fd0fce4-6c8c-45c9-a9d8-0649a8d627c3,SJZX20,
6133785a-48a7-4765-b8bf-3f7b9c6d1227,i-15-1785-VM,SJZX19,Running,false,2013-06-21T09:28:35+0800,4,2600,4096,0,NetworkFilesystem,f4bfa8ae-9c5f-4411-90e3-a5c6ca47ae6e,4CPU-4G-gdupc-nfs-slow,ROOT,9b832394-f254-4f6d-ba67-ed3979ac9fc6,8e19be3a-c953-4dec-aa74-857226de927c,生产系统资源域,,gdupc,XenServer,02:00:38:cb:00:32,10.1.1.205,e17dc6cf-fcd7-4ede-8582-2b97ad20dc6a,c4fc4f6a-2862-4076-9ce1-d513e65ed84a,192.168.31.193,xs52.gdcloud.com,9fd0fce4-6c8c-45c9-a9d8-0649a8d627c3,SJZX19,
2ae84430-79c4-4929-8440-d70d435646cb,i-15-1784-VM,SJZX18,Running,false,2013-06-21T09:27:56+0800,4,2600,4096,0,NetworkFilesystem,f4bfa8ae-9c5f-4411-90e3-a5c6ca47ae6e,4CPU-4G-gdupc-nfs-slow,ROOT,9b832394-f254-4f6d-ba67-ed3979ac9fc6,8e19be3a-c953-4dec-aa74-857226de927c,生产系统资源域,,gdupc,XenServer,02:00:2c:dd:00:31,10.1.1.243,e17dc6cf-fcd7-4ede-8582-2b97ad20dc6a,3b9d3bd5-f790-4add-a4a3-54cb3676f7b0,192.168.31.197,xs52.gdcloud.com,9fd0fce4-6c8c-45c9-a9d8-0649a8d627c3,SJZX18,
7d1b54c9-23d8-471a-85b8-c701eb324a03,i-15-1783-VM,SJZX17,Running,false,2013-06-20T17:33:42+0800,4,2600,4096,0,NetworkFilesystem,f4bfa8ae-9c5f-4411-90e3-a5c6ca47ae6e,4CPU-4G-gdupc-nfs-slow,ROOT,9b832394-f254-4f6d-ba67-ed3979ac9fc6,8e19be3a-c953-4dec-aa74-857226de927c,生产系统资源域,,gdupc,XenServer,02:00:0b:ed:00:30,10.1.1.187,e17dc6cf-fcd7-4ede-8582-2b97ad20dc6a,fe39f5ff-b037-4cdf-bc09-eaa34401a77f,192.168.31.88,xs226.gdcloud.com,82bb8be7-15b4-4716-9bf3-5169182118bf,SJZX17,
f91feb9b-6e4d-43e8-ad89-79b0cbc37208,i-12-1398-VM,nagios02,Running,false,2013-04-19T10:55:50+0800,2,4000,4096,0,NetworkFilesystem,bb32006c-e802-40dd-935f-beb70ad7b899,2CPU-4G,ROOT,9b832394-f254-4f6d-ba67-ed3979ac9fc6,8e19be3a-c953-4dec-aa74-857226de927c,生产系统资源域,,ruanjianyanfa,XenServer,02:00:3d:a0:00:03,10.1.1.5,1fe0958b-f678-4b11-b1a7-60015df92f96,5fc1040d-1637-4f63-a2e2-d7ba2d4cadd0,192.168.31.12,xs06.gdcloud.com,99b5cd02-19e8-4f6a-b405-a4d82fcd180d,nagios02,
071a5a88-bb26-4795-86ad-68b9e13b06f5,i-15-1397-VM,modbus2,Running,false,2013-04-16T14:23:28+0800,2,2600,8192,0,NetworkFilesystem,e51d143d-51b1-43b0-8cbb-550372ace2f8,2CPU-8G-primary-nfs-slow,ROOT,9b832394-f254-4f6d-ba67-ed3979ac9fc6,8e19be3a-c953-4dec-aa74-857226de927c,生产系统资源域,,gdupc,XenServer,02:00:69:82:00:16,10.1.1.252,e17dc6cf-fcd7-4ede-8582-2b97ad20dc6a,6782eed6-ab4d-48c5-bca8-a884da5c40ff,192.168.31.170,xs06.gdcloud.com,99b5cd02-19e8-4f6a-b405-a4d82fcd180d,modbus2,
c6440298-b50d-4d99-ab36-120ceb4f0382,i-2-1780-VM,digitalpw,Stopped,false,2013-06-17T13:49:49+0800,2,2600,4096,0,NetworkFilesystem,d4ae76fd-f100-49de-b140-f5e7d3200a67,2CPU-4G-gdupc-nfs-slow,ROOT,9b832394-f254-4f6d-ba67-ed3979ac9fc6,8e19be3a-c953-4dec-aa74-857226de927c,生产系统资源域,,admin,XenServer,02:00:62:27:00:0b,10.1.1.169,26c1571e-be76-44d4-af8a-efb110429739,456719f7-1528-4cff-a98b-c91ca65e2b09,192.168.31.151,,0,(no)digitalpw,
464a5c1f-1517-4b48-a199-1f5ac8b8e756,i-15-1396-VM,modbus1,Running,false,2013-04-16T14:20:02+0800,2,2600,8192,0,NetworkFilesystem,e51d143d-51b1-43b0-8cbb-550372ace2f8,2CPU-8G-primary-nfs-slow,ROOT,9b832394-f254-4f6d-ba67-ed3979ac9fc6,8e19be3a-c953-4dec-aa74-857226de927c,生产系统资源域,,gdupc,XenServer,02:00:2e:26:00:15,10.1.1.72,e17dc6cf-fcd7-4ede-8582-2b97ad20dc6a,1c04821d-ab7b-44f1-bd80-04d0ff3e6229,192.168.31.7,xs04,ea62fda7-2b91-43ff-926a-32c277676a38,modbus1,
2869df1e-f833-40ae-9705-92f9feb38394,i-15-1779-VM,data-transmit,Running,false,2013-06-17T10:44:46+0800,4,2600,4096,0,NetworkFilesystem,f4bfa8ae-9c5f-4411-90e3-a5c6ca47ae6e,4CPU-4G-gdupc-nfs-slow,ROOT,9b832394-f254-4f6d-ba67-ed3979ac9fc6,8e19be3a-c953-4dec-aa74-857226de927c,生产系统资源域,,gdupc,XenServer,02:00:14:30:00:2d,10.1.1.43,e17dc6cf-fcd7-4ede-8582-2b97ad20dc6a,0bd4c027-f23e-431f-bf15-6059462e9e5c,192.168.31.139,xs51.gdcloud.com,322b5ff5-0afb-4a15-9c5c-e3f0adba90e9,data-transmit,
c8e753d5-4f22-466c-b920-75af4c993849,i-18-1778-VM,mobilOA,Stopped,false,2013-06-14T10:24:16+0800,4,2600,4096,0,NetworkFilesystem,c4c46cc0-c1d3-4e33-8f77-a032f58678d4,4CPU-4G-is-nfs-slow,ROOT,9b832394-f254-4f6d-ba67-ed3979ac9fc6,81e63956-ff38-4ea5-a043-b859ceac0f19,信息系统域,,isinternal,XenServer,02:00:32:8b:00:03,10.1.1.82,518612eb-1d03-4995-a872-362a9c7867bd,c690bf9d-3560-4973-8dc1-7516eefc9a5f,172.17.0.25,,0,(tetst)mobilOA,
bcaaaa86-a556-4698-ab44-9a177e38683c,i-16-1777-VM,vm001,Running,false,2013-06-13T16:49:37+0800,4,2600,6144,0,NetworkFilesystem,df0ab756-a2ef-48bb-946b-ee45d07a938a,4CPU-6G-is-nfs-slow,ROOT,9b832394-f254-4f6d-ba67-ed3979ac9fc6,81e63956-ff38-4ea5-a043-b859ceac0f19,信息系统域,,jituanoamis,XenServer,02:00:49:37:00:0b,10.1.1.157,6f96e913-21f7-4e8e-b71c-3bec2aaece55,5d9ae3c2-af80-4db6-a688-1ac156dccb87,172.17.0.10,xs201.gdcloud.com,c44934c8-8a3c-4b79-9f92-bad0da86c7b1,oarelease-is,
bc5c83c1-a66b-4dfa-86fd-f53292e996fd,i-14-1776-VM,is-SVN,Running,false,2013-06-13T15:21:03+0800,4,2600,4096,0,NetworkFilesystem,c4c46cc0-c1d3-4e33-8f77-a032f58678d4,4CPU-4G-is-nfs-slow,ROOT,9b832394-f254-4f6d-ba67-ed3979ac9fc6,81e63956-ff38-4ea5-a043-b859ceac0f19,信息系统域,,erp,XenServer,02:00:02:a7:00:0a,10.1.1.32,87d2bd2a-bcf9-4cb9-8b88-75d1f944bf8c,2644555e-c50a-435a-82de-5e95d42b6e46,172.17.0.24,xs203.gdcloud.com,d102a8f5-089d-4a71-a7d1-30fcca5c7885,is-SVN,
3a064263-5e20-449e-a0cc-3d8f50b9e7a9,i-9-1391-VM,portal-server3,Stopped,true,2013-04-14T23:18:05+0800,8,2600,32768,0,NetworkFilesystem,324d0713-ac93-45e0-8120-62097af603ef,8CPU-32G-HA-naslow,ROOT,9b832394-f254-4f6d-ba67-ed3979ac9fc6,6b8422b1-f9ba-49f0-901e-83f7e1851993,集团门户资源域,,jituanmenhu,KVM,02:00:5a:ec:00:2c,10.1.1.90,c04cf266-dc74-48df-984b-e0651d2b7bda,fc86d335-406c-49bb-94d0-381a0a43489d,192.168.32.67,,0,(no)portal-server3,
ee72300d-71f0-4f62-908c-ade9ace1b23e,i-15-1770-VM,data-receive,Running,false,2013-06-07T13:04:42+0800,4,2600,4096,0,NetworkFilesystem,f4bfa8ae-9c5f-4411-90e3-a5c6ca47ae6e,4CPU-4G-gdupc-nfs-slow,ROOT,9b832394-f254-4f6d-ba67-ed3979ac9fc6,8e19be3a-c953-4dec-aa74-857226de927c,生产系统资源域,,gdupc,XenServer,02:00:4d:a5:00:2c,10.1.1.151,e17dc6cf-fcd7-4ede-8582-2b97ad20dc6a,55b79863-5e3d-4647-9142-214b22a04487,192.168.31.45,xs52.gdcloud.com,9fd0fce4-6c8c-45c9-a9d8-0649a8d627c3,data-receive,
c45f5730-0b2e-44dc-a4bf-648a64011c1c,i-15-1768-VM,SJZX-14,Running,false,2013-06-07T11:49:06+0800,4,2600,4096,0,NetworkFilesystem,f4bfa8ae-9c5f-4411-90e3-a5c6ca47ae6e,4CPU-4G-gdupc-nfs-slow,ROOT,9b832394-f254-4f6d-ba67-ed3979ac9fc6,8e19be3a-c953-4dec-aa74-857226de927c,生产系统资源域,,gdupc,XenServer,02:00:44:e8:00:2b,10.1.1.42,e17dc6cf-fcd7-4ede-8582-2b97ad20dc6a,261fea71-7b20-4c48-9b90-37d9b935fab4,192.168.31.46,xs226.gdcloud.com,82bb8be7-15b4-4716-9bf3-5169182118bf,SJZX-14,
9c009d95-6a4e-447c-b5cf-08a691601964,i-15-1767-VM,SJZX-13,Running,false,2013-06-07T11:48:17+0800,4,2600,4096,0,NetworkFilesystem,f4bfa8ae-9c5f-4411-90e3-a5c6ca47ae6e,4CPU-4G-gdupc-nfs-slow,ROOT,9b832394-f254-4f6d-ba67-ed3979ac9fc6,8e19be3a-c953-4dec-aa74-857226de927c,生产系统资源域,,gdupc,XenServer,02:00:04:29:00:2a,10.1.1.206,e17dc6cf-fcd7-4ede-8582-2b97ad20dc6a,1a743760-04e4-4b1f-94b3-9ebe2320323b,192.168.31.47,xs226.gdcloud.com,82bb8be7-15b4-4716-9bf3-5169182118bf,SJZX-13,
fd684af1-b35c-450e-99a1-c1cff50b0883,i-15-1766-VM,SJZX-12,Running,false,2013-06-07T11:47:28+0800,2,2600,4096,0,NetworkFilesystem,d4ae76fd-f100-49de-b140-f5e7d3200a67,2CPU-4G-gdupc-nfs-slow,ROOT,9b832394-f254-4f6d-ba67-ed3979ac9fc6,8e19be3a-c953-4dec-aa74-857226de927c,生产系统资源域,,gdupc,XenServer,02:00:6e:fc:00:29,10.1.1.226,e17dc6cf-fcd7-4ede-8582-2b97ad20dc6a,270af060-5e8a-403d-9427-77f29142084a,192.168.31.70,xs226.gdcloud.com,82bb8be7-15b4-4716-9bf3-5169182118bf,SJZX-12,
b5f6c1f5-5f71-47b2-ab77-07fc982c8493,i-15-1765-VM,SJZX-11,Running,false,2013-06-07T11:46:17+0800,4,2600,4096,0,NetworkFilesystem,f4bfa8ae-9c5f-4411-90e3-a5c6ca47ae6e,4CPU-4G-gdupc-nfs-slow,ROOT,9b832394-f254-4f6d-ba67-ed3979ac9fc6,8e19be3a-c953-4dec-aa74-857226de927c,生产系统资源域,,gdupc,XenServer,02:00:79:1f:00:28,10.1.1.221,e17dc6cf-fcd7-4ede-8582-2b97ad20dc6a,bae33605-e5b5-4bd8-860b-c417d8525f72,192.168.31.42,xs53.gdcloud.com,ec5a157d-4b6c-4d30-93e8-06cc7a81642a,SJZX-11,
a5b44e97-d028-4493-96b1-5b2a763d43ce,i-15-1764-VM,SJZX-10,Running,false,2013-06-07T11:45:38+0800,4,2600,4096,0,NetworkFilesystem,f4bfa8ae-9c5f-4411-90e3-a5c6ca47ae6e,4CPU-4G-gdupc-nfs-slow,ROOT,9b832394-f254-4f6d-ba67-ed3979ac9fc6,8e19be3a-c953-4dec-aa74-857226de927c,生产系统资源域,,gdupc,XenServer,02:00:21:21:00:27,10.1.1.129,e17dc6cf-fcd7-4ede-8582-2b97ad20dc6a,2bf0e14c-6a7c-4e47-b068-ff80c83078e8,192.168.31.44,xs53.gdcloud.com,ec5a157d-4b6c-4d30-93e8-06cc7a81642a,SJZX-10,
25b1aef5-6235-4b28-9935-dc2d3e468792,i-15-1763-VM,SJZX-09,Running,false,2013-06-07T11:44:41+0800,4,2600,4096,0,NetworkFilesystem,f4bfa8ae-9c5f-4411-90e3-a5c6ca47ae6e,4CPU-4G-gdupc-nfs-slow,ROOT,9b832394-f254-4f6d-ba67-ed3979ac9fc6,8e19be3a-c953-4dec-aa74-857226de927c,生产系统资源域,,gdupc,XenServer,02:00:4c:53:00:26,10.1.1.150,e17dc6cf-fcd7-4ede-8582-2b97ad20dc6a,152fd6c1-43b9-4f32-836f-f4cb81b293bd,192.168.31.150,xs51.gdcloud.com,322b5ff5-0afb-4a15-9c5c-e3f0adba90e9,SJZX-09,
021e31fd-faf7-42ba-aa04-88c0e6d56e5f,i-15-1762-VM,SJZX-08,Running,false,2013-06-07T11:43:41+0800,4,2600,4096,0,NetworkFilesystem,f4bfa8ae-9c5f-4411-90e3-a5c6ca47ae6e,4CPU-4G-gdupc-nfs-slow,ROOT,9b832394-f254-4f6d-ba67-ed3979ac9fc6,8e19be3a-c953-4dec-aa74-857226de927c,生产系统资源域,,gdupc,XenServer,02:00:42:ee:00:25,10.1.1.13,e17dc6cf-fcd7-4ede-8582-2b97ad20dc6a,cacc203d-4b02-40c5-8eff-fefee838b34f,192.168.31.172,xs53.gdcloud.com,ec5a157d-4b6c-4d30-93e8-06cc7a81642a,SJZX-08,
bb90bd6c-a5d8-47d1-8b92-e6fb9fb30cfa,i-15-1761-VM,SJZX-07,Running,false,2013-06-07T11:42:20+0800,2,2600,4096,0,NetworkFilesystem,d4ae76fd-f100-49de-b140-f5e7d3200a67,2CPU-4G-gdupc-nfs-slow,ROOT,9b832394-f254-4f6d-ba67-ed3979ac9fc6,8e19be3a-c953-4dec-aa74-857226de927c,生产系统资源域,,gdupc,XenServer,02:00:30:30:00:24,10.1.1.84,e17dc6cf-fcd7-4ede-8582-2b97ad20dc6a,cb907ca9-12e7-478d-9cf9-c9c80bcb9cf3,192.168.31.173,xs51.gdcloud.com,322b5ff5-0afb-4a15-9c5c-e3f0adba90e9,SJZX-07,
c47be55a-fc46-4188-ae6d-308267c3fd71,i-15-1760-VM,SJZX-06,Running,false,2013-06-07T11:41:04+0800,2,2600,4096,0,NetworkFilesystem,d4ae76fd-f100-49de-b140-f5e7d3200a67,2CPU-4G-gdupc-nfs-slow,ROOT,9b832394-f254-4f6d-ba67-ed3979ac9fc6,8e19be3a-c953-4dec-aa74-857226de927c,生产系统资源域,,gdupc,XenServer,02:00:7c:01:00:23,10.1.1.66,e17dc6cf-fcd7-4ede-8582-2b97ad20dc6a,75212ab5-c4c8-4534-ad45-06fc31bdebdf,192.168.31.186,xs226.gdcloud.com,82bb8be7-15b4-4716-9bf3-5169182118bf,SJZX-06,
56810662-8830-4fe6-b1a8-91d915952af2,i-16-1376-VM,jituanmis3,Stopped,false,2013-04-12T13:39:00+0800,2,4000,4096,0,NetworkFilesystem,bb32006c-e802-40dd-935f-beb70ad7b899,2CPU-4G,ROOT,9b832394-f254-4f6d-ba67-ed3979ac9fc6,6b8422b1-f9ba-49f0-901e-83f7e1851993,集团门户资源域,,jituanoamis,KVM,02:00:61:63:00:07,10.1.1.127,5b2e5ffc-53c9-47e8-89bb-1bb4f4903849,ebb351fe-8a68-40b7-be3b-c7afe0d30329,192.168.32.133,,0,(no)jituanmis3,
300f54ef-a137-4e90-99a1-3c6bdd92c78c,i-15-1759-VM,SJZX-05,Running,false,2013-06-07T11:40:21+0800,4,2600,4096,0,NetworkFilesystem,f4bfa8ae-9c5f-4411-90e3-a5c6ca47ae6e,4CPU-4G-gdupc-nfs-slow,ROOT,9b832394-f254-4f6d-ba67-ed3979ac9fc6,8e19be3a-c953-4dec-aa74-857226de927c,生产系统资源域,,gdupc,XenServer,02:00:4b:bd:00:22,10.1.1.85,e17dc6cf-fcd7-4ede-8582-2b97ad20dc6a,929ce603-8c9b-49c7-bf9c-bef0e923778f,192.168.31.67,xs226.gdcloud.com,82bb8be7-15b4-4716-9bf3-5169182118bf,SJZX-05,
a3b6bc11-d115-43e8-8bc6-863fbff365a2,i-16-1375-VM,jituanmis2,Stopped,false,2013-04-12T13:31:30+0800,2,4000,4096,0,NetworkFilesystem,bb32006c-e802-40dd-935f-beb70ad7b899,2CPU-4G,ROOT,9b832394-f254-4f6d-ba67-ed3979ac9fc6,6b8422b1-f9ba-49f0-901e-83f7e1851993,集团门户资源域,,jituanoamis,KVM,02:00:3f:11:00:06,10.1.1.219,5b2e5ffc-53c9-47e8-89bb-1bb4f4903849,13de8434-be58-49c4-bcdc-add3814cf1d4,192.168.32.134,,0,(no)jituanmis2,
2e545392-13e8-42bb-a4a1-f8b815cebaf1,i-15-1758-VM,SJZX-04,Running,false,2013-06-07T11:38:29+0800,4,2600,4096,0,NetworkFilesystem,f4bfa8ae-9c5f-4411-90e3-a5c6ca47ae6e,4CPU-4G-gdupc-nfs-slow,ROOT,9b832394-f254-4f6d-ba67-ed3979ac9fc6,8e19be3a-c953-4dec-aa74-857226de927c,生产系统资源域,,gdupc,XenServer,02:00:3b:98:00:21,10.1.1.207,e17dc6cf-fcd7-4ede-8582-2b97ad20dc6a,cd808dd1-cce1-43a6-9ecd-ad89e7f7c4fa,192.168.31.68,xs51.gdcloud.com,322b5ff5-0afb-4a15-9c5c-e3f0adba90e9,SJZX-04,
b4d17849-4898-4454-bf15-8186513b16db,i-16-1374-VM,jituanmis1,Stopped,false,2013-04-12T13:18:54+0800,2,4000,4096,0,NetworkFilesystem,bb32006c-e802-40dd-935f-beb70ad7b899,2CPU-4G,ROOT,9b832394-f254-4f6d-ba67-ed3979ac9fc6,6b8422b1-f9ba-49f0-901e-83f7e1851993,集团门户资源域,,jituanoamis,KVM,02:00:09:cf:00:05,10.1.1.126,5b2e5ffc-53c9-47e8-89bb-1bb4f4903849,21fc12df-11f1-4458-a2e2-eb6a1e30aa19,192.168.32.161,,0,(no)jituanmis1,
3080625a-1057-4079-9b6e-a32c3e3e6c77,i-15-1757-VM,SJZX03,Running,false,2013-06-07T10:03:46+0800,4,2600,8192,0,NetworkFilesystem,4dcd333f-df40-46af-b104-b15e4575da3d,4CPU-8G-gdupc-nfs-slow,ROOT,9b832394-f254-4f6d-ba67-ed3979ac9fc6,8e19be3a-c953-4dec-aa74-857226de927c,生产系统资源域,,gdupc,XenServer,02:00:70:6b:00:20,10.1.1.5,e17dc6cf-fcd7-4ede-8582-2b97ad20dc6a,c44944d4-9af4-410b-95f4-f4dbbc10e54a,192.168.31.87,xs51.gdcloud.com,322b5ff5-0afb-4a15-9c5c-e3f0adba90e9,SJZX03,
497f6b4a-efca-4b3c-af2a-736c259d5bbd,i-16-1372-VM,jituanOARelease,Stopped,false,2013-04-12T10:00:27+0800,4,2600,6144,0,NetworkFilesystem,ad6f2371-5829-41db-812b-e4f3ee7dd24d,4CPU-6G,ROOT,9b832394-f254-4f6d-ba67-ed3979ac9fc6,6b8422b1-f9ba-49f0-901e-83f7e1851993,集团门户资源域,,jituanoamis,KVM,02:00:49:55:00:03,10.1.1.159,5b2e5ffc-53c9-47e8-89bb-1bb4f4903849,7f95e286-de2f-4731-a7b8-682d1b1fb6f3,192.168.32.162,,0,(no)jituanOARelease,
07dacea7-654a-44a4-9b91-6d34c8ac3ede,i-15-1752-VM,SJZX02,Running,false,2013-06-06T16:10:11+0800,2,2600,4096,0,NetworkFilesystem,d4ae76fd-f100-49de-b140-f5e7d3200a67,2CPU-4G-gdupc-nfs-slow,ROOT,9b832394-f254-4f6d-ba67-ed3979ac9fc6,8e19be3a-c953-4dec-aa74-857226de927c,生产系统资源域,,gdupc,XenServer,02:00:6e:5c:00:1f,10.1.1.76,e17dc6cf-fcd7-4ede-8582-2b97ad20dc6a,5b64f960-3df8-49af-a43e-a028a9651dc5,192.168.31.56,xs51.gdcloud.com,322b5ff5-0afb-4a15-9c5c-e3f0adba90e9,SJZX02,
65e7f07e-d7e5-49ae-ada4-61da0c1ceab7,i-15-1751-VM,SJZX01,Running,false,2013-06-06T15:43:19+0800,2,2600,4096,0,NetworkFilesystem,d4ae76fd-f100-49de-b140-f5e7d3200a67,2CPU-4G-gdupc-nfs-slow,ROOT,9b832394-f254-4f6d-ba67-ed3979ac9fc6,8e19be3a-c953-4dec-aa74-857226de927c,生产系统资源域,,gdupc,XenServer,02:00:5f:76:00:1e,10.1.1.234,e17dc6cf-fcd7-4ede-8582-2b97ad20dc6a,68167a2f-68b3-4105-9b83-fce01aeff57b,192.168.31.57,xs226.gdcloud.com,82bb8be7-15b4-4716-9bf3-5169182118bf,SJZX01,
bdee7d56-40b0-46d3-870b-c6a7ced552a8,i-10-1748-VM,tianren-web-db-is,Running,false,2013-06-05T10:15:21+0800,4,2600,6144,0,NetworkFilesystem,df0ab756-a2ef-48bb-946b-ee45d07a938a,4CPU-6G-is-nfs-slow,ROOT,9b832394-f254-4f6d-ba67-ed3979ac9fc6,81e63956-ff38-4ea5-a043-b859ceac0f19,信息系统域,,dangyuanzhijia,XenServer,02:00:42:12:00:0a,10.1.1.37,e36090e7-9ade-48f2-94a6-0219f506693c,016ef609-7a4f-4c0f-9320-219fa38edd60,172.17.0.22,xs201.gdcloud.com,c44934c8-8a3c-4b79-9f92-bad0da86c7b1,tianren-web-db-is,
395f6515-77a3-41e6-a491-78013c45fb43,i-10-1747-VM,tianren-web-is,Running,false,2013-06-05T10:14:18+0800,4,2600,6144,0,NetworkFilesystem,df0ab756-a2ef-48bb-946b-ee45d07a938a,4CPU-6G-is-nfs-slow,ROOT,9b832394-f254-4f6d-ba67-ed3979ac9fc6,81e63956-ff38-4ea5-a043-b859ceac0f19,信息系统域,,dangyuanzhijia,XenServer,02:00:71:27:00:09,10.1.1.153,e36090e7-9ade-48f2-94a6-0219f506693c,a8910aa5-7a0d-4843-81da-81fdf1133a4e,172.17.0.15,xs201.gdcloud.com,c44934c8-8a3c-4b79-9f92-bad0da86c7b1,tianren-web-is,
819a4a19-62aa-41aa-b796-f4d9a90e8b28,i-10-1746-VM,videoserver-ubuntu-is,Stopped,false,2013-06-05T10:13:07+0800,4,2600,6144,0,NetworkFilesystem,df0ab756-a2ef-48bb-946b-ee45d07a938a,4CPU-6G-is-nfs-slow,ROOT,9b832394-f254-4f6d-ba67-ed3979ac9fc6,81e63956-ff38-4ea5-a043-b859ceac0f19,信息系统域,,dangyuanzhijia,XenServer,02:00:67:16:00:08,10.1.1.70,e36090e7-9ade-48f2-94a6-0219f506693c,489cee8d-b479-4123-af31-ef102f93ba82,172.17.0.13,,0,(no)videoserver-ubuntu-is,
90f77958-e753-4d2a-ad50-8f0cddb338af,i-18-1737-VM,depmanage,Running,false,2013-05-31T16:40:56+0800,4,2600,4096,0,NetworkFilesystem,c4c46cc0-c1d3-4e33-8f77-a032f58678d4,4CPU-4G-is-nfs-slow,ROOT,9b832394-f254-4f6d-ba67-ed3979ac9fc6,81e63956-ff38-4ea5-a043-b859ceac0f19,信息系统域,,isinternal,XenServer,02:00:06:cd:00:01,10.1.1.214,518612eb-1d03-4995-a872-362a9c7867bd,6acfac7d-f515-4385-a3aa-e402e572e9a9,172.17.0.18,xs204.gdcloud.com,67e41861-b793-47df-91ba-1e0507670013,depmanage,
b3853e37-0d00-4671-9729-18b9e68b706b,i-7-1352-VM,TAIQI-DATA-COLLECT,Stopped,false,2013-04-03T13:40:56+0800,2,2600,2048,0,NetworkFilesystem,5c1032de-f0e3-4249-b72b-c385f550bb89,2CPU-2G,ROOT,9b832394-f254-4f6d-ba67-ed3979ac9fc6,8e19be3a-c953-4dec-aa74-857226de927c,生产系统资源域,,fengce,XenServer,02:00:4e:58:00:39,10.1.1.213,93f09f63-56eb-4d26-896a-058b9ac8e521,b7b590b4-f8b1-4843-a73f-40aeb4f6a502,192.168.31.72,,0,TAIQI-DATA-COLLECT,
bd87009c-47bb-4a69-ace3-2e71b638b0d2,i-7-1351-VM,TAIQI-WEB-SERVER,Running,false,2013-04-03T13:40:01+0800,2,2600,2048,0,NetworkFilesystem,5c1032de-f0e3-4249-b72b-c385f550bb89,2CPU-2G,ROOT,9b832394-f254-4f6d-ba67-ed3979ac9fc6,8e19be3a-c953-4dec-aa74-857226de927c,生产系统资源域,,fengce,XenServer,02:00:6a:2b:00:38,10.1.1.66,93f09f63-56eb-4d26-896a-058b9ac8e521,0cc5ff9c-ff0c-415e-a448-4dcb4f366583,192.168.31.145,xs07,4e481ee9-1b35-4b06-8c65-01b07da67d76,TAIQI-WEB-SERVER,
6337b7d5-602c-4b0a-9d1d-f1538b8e9781,i-7-1350-VM,TAIQI-FILE-UPLOAD,Running,true,2013-04-03T13:38:54+0800,2,2600,3072,0,NetworkFilesystem,9c34ec9c-c8bf-4e6c-8cea-551165674bdf,2CPU-3G-HA,ROOT,9b832394-f254-4f6d-ba67-ed3979ac9fc6,8e19be3a-c953-4dec-aa74-857226de927c,生产系统资源域,,fengce,XenServer,02:00:77:fb:00:37,10.1.1.127,93f09f63-56eb-4d26-896a-058b9ac8e521,3efb321e-b9ee-4a83-8767-89feef11042b,192.168.31.160,xs07,4e481ee9-1b35-4b06-8c65-01b07da67d76,TAIQI-FILE-UPLOAD,
6791ab06-3aea-4cc4-b3b5-d394756c6dc0,i-7-1349-VM,TAIQI-LOCALPRED,Running,true,2013-04-03T13:37:44+0800,2,2600,2048,0,NetworkFilesystem,2f1973ac-7680-424a-897b-8efdd9257786,2CPU-2G-500M-HA,ROOT,9b832394-f254-4f6d-ba67-ed3979ac9fc6,8e19be3a-c953-4dec-aa74-857226de927c,生产系统资源域,,fengce,XenServer,02:00:7d:0a:00:36,10.1.1.90,93f09f63-56eb-4d26-896a-058b9ac8e521,205f8cb9-4dcd-4cd2-b009-da9869509229,192.168.31.29,xs04,ea62fda7-2b91-43ff-926a-32c277676a38,TAIQI-LOCALPRED,
02bb0d62-c416-4829-b0f6-6bd21e6811c7,i-10-1724-VM,videoserver01-is,Stopped,false,2013-05-27T14:10:03+0800,4,2600,6144,0,NetworkFilesystem,df0ab756-a2ef-48bb-946b-ee45d07a938a,4CPU-6G-is-nfs-slow,ROOT,9b832394-f254-4f6d-ba67-ed3979ac9fc6,81e63956-ff38-4ea5-a043-b859ceac0f19,信息系统域,,dangyuanzhijia,XenServer,02:00:5d:69:00:07,10.1.1.120,e36090e7-9ade-48f2-94a6-0219f506693c,,,,0,(no)videoserver01-is,
fa6766a2-ef41-4796-9773-38d6ef3861ca,i-10-1722-VM,videoserver-is1,Running,false,2013-05-27T12:59:40+0800,4,2600,8192,0,NetworkFilesystem,024a7814-ffa5-4473-8e53-0d0f8d5098b0,4CPU-8G-is-nfs-slow,ROOT,9b832394-f254-4f6d-ba67-ed3979ac9fc6,81e63956-ff38-4ea5-a043-b859ceac0f19,信息系统域,,dangyuanzhijia,XenServer,02:00:5d:76:00:05,10.1.1.239,e36090e7-9ade-48f2-94a6-0219f506693c,5427e527-79aa-43e6-b409-82005901d51b,172.17.0.12,xs204.gdcloud.com,67e41861-b793-47df-91ba-1e0507670013,dyzj-web,
31266311-83d5-4f98-a1a0-95fa97c6cb29,i-7-1720-VM,WPFVeStore2,Running,false,2013-05-24T14:17:11+0800,2,2600,3072,1,NetworkFilesystem,1ab66c70-267a-451e-a54a-2d77e2d757cb,2CPU-3G-nfs-slow,ROOT,9b832394-f254-4f6d-ba67-ed3979ac9fc6,8e19be3a-c953-4dec-aa74-857226de927c,生产系统资源域,,fengce,XenServer,02:00:2f:43:00:3c,10.1.1.121,93f09f63-56eb-4d26-896a-058b9ac8e521,5aae9ba8-bf47-4b63-aade-30e9fc101390,192.168.31.2,xs07,4e481ee9-1b35-4b06-8c65-01b07da67d76,WPFVeStore2,
049d7761-7420-4164-81b5-ae138695d4bb,i-17-1715-VM,email,Running,false,2013-05-21T09:34:16+0800,4,2600,4096,0,NetworkFilesystem,c4c46cc0-c1d3-4e33-8f77-a032f58678d4,4CPU-4G-is-nfs-slow,ROOT,9b832394-f254-4f6d-ba67-ed3979ac9fc6,81e63956-ff38-4ea5-a043-b859ceac0f19,信息系统域,,xenvip,XenServer,02:00:5d:d1:00:01,10.1.1.102,055c00f5-f675-4067-ba3b-86ffff890351,8458f3fb-ea7d-46bd-af8b-45af5fbd6d02,172.17.0.17,xs201.gdcloud.com,c44934c8-8a3c-4b79-9f92-bad0da86c7b1,email,
1ffe3e81-08e7-4e56-b11a-2f4d827eea93,i-16-1709-VM,jituanmis-is3,Running,false,2013-05-17T10:25:46+0800,2,2600,4096,0,NetworkFilesystem,2c35f2b4-fa6e-49d7-8a4d-61350354a71b,2CPU-4G-is-nfs-slow,ROOT,9b832394-f254-4f6d-ba67-ed3979ac9fc6,81e63956-ff38-4ea5-a043-b859ceac0f19,信息系统域,,jituanoamis,XenServer,02:00:2c:45:00:04,10.1.1.80,6f96e913-21f7-4e8e-b71c-3bec2aaece55,01557f8f-d39c-40b9-9785-b5919689f622,172.17.0.9,xs204.gdcloud.com,67e41861-b793-47df-91ba-1e0507670013,jituanmis-is3,
71a906a1-dfea-44e8-8bf3-5c3a5c59965e,i-16-1708-VM,jituanmis-is2,Stopped,false,2013-05-17T10:24:40+0800,2,2600,4096,0,NetworkFilesystem,2c35f2b4-fa6e-49d7-8a4d-61350354a71b,2CPU-4G-is-nfs-slow,ROOT,9b832394-f254-4f6d-ba67-ed3979ac9fc6,81e63956-ff38-4ea5-a043-b859ceac0f19,信息系统域,,jituanoamis,XenServer,02:00:4e:1d:00:03,10.1.1.192,6f96e913-21f7-4e8e-b71c-3bec2aaece55,e5e257d5-7887-48fe-95e2-38c64fa5aea8,172.17.0.8,,0,(no)jituanmis-orcal,
43b42838-f60e-488d-8d06-d3eb7daaf8bb,i-16-1706-VM,jituanmis-is1,Running,false,2013-05-17T10:18:37+0800,2,2600,4096,0,NetworkFilesystem,2c35f2b4-fa6e-49d7-8a4d-61350354a71b,2CPU-4G-is-nfs-slow,ROOT,9b832394-f254-4f6d-ba67-ed3979ac9fc6,81e63956-ff38-4ea5-a043-b859ceac0f19,信息系统域,,jituanoamis,XenServer,02:00:1d:91:00:01,10.1.1.253,6f96e913-21f7-4e8e-b71c-3bec2aaece55,62fe8317-4ca0-4838-96b5-03e42ad20f7c,172.17.0.7,xs204.gdcloud.com,67e41861-b793-47df-91ba-1e0507670013,Jituanmis1-xs,
9c0481d2-ceab-4b68-b2d5-5971ccf74454,i-15-1315-VM,GDUPC-DBTEST,Running,false,2013-03-20T17:47:59+0800,4,2600,4000,0,NetworkFilesystem,ece51148-bc53-464b-b562-3cd42965eb20,4CPU-4G-500M-SMFAST,ROOT,9b832394-f254-4f6d-ba67-ed3979ac9fc6,8e19be3a-c953-4dec-aa74-857226de927c,生产系统资源域,,gdupc,XenServer,02:00:25:21:00:01,10.1.1.114,e17dc6cf-fcd7-4ede-8582-2b97ad20dc6a,b22603d6-305b-4be6-b56d-5a61d3291b45,192.168.31.4,xs03,5c0ad0d7-e45c-4c9a-9138-ffc86328032a,GDUPC-DBTEST,
d98d16dd-528c-47ca-9218-22fa7e74312f,i-7-1311-VM,DIAOBINSHAN-LOCALPRED2,Running,true,2013-03-14T15:37:54+0800,2,2600,2048,0,NetworkFilesystem,2f1973ac-7680-424a-897b-8efdd9257786,2CPU-2G-500M-HA,ROOT,9b832394-f254-4f6d-ba67-ed3979ac9fc6,8e19be3a-c953-4dec-aa74-857226de927c,生产系统资源域,,fengce,XenServer,02:00:39:33:00:34,10.1.1.137,93f09f63-56eb-4d26-896a-058b9ac8e521,d3cc462e-dd3c-4758-a7c1-750bf0692318,192.168.31.127,xs04,ea62fda7-2b91-43ff-926a-32c277676a38,DIAOBINGSHAN-LOCALPRED2,
318b8a1d-a870-46e5-80c5-a0af5b9dae56,i-7-1310-VM,JIAOQU-LOCALPRED,Running,true,2013-03-12T17:20:46+0800,2,2600,2048,1,NetworkFilesystem,2f1973ac-7680-424a-897b-8efdd9257786,2CPU-2G-500M-HA,ROOT,9b832394-f254-4f6d-ba67-ed3979ac9fc6,8e19be3a-c953-4dec-aa74-857226de927c,生产系统资源域,,fengce,XenServer,02:00:36:f6:00:33,10.1.1.18,93f09f63-56eb-4d26-896a-058b9ac8e521,36fe47c0-67a0-415e-9325-034fedf0d2fc,192.168.31.25,xs06.gdcloud.com,99b5cd02-19e8-4f6a-b405-a4d82fcd180d,JIAOQU-LOCALPRED,
aa33dda2-b212-45a4-bca3-bbcca6f9abad,i-7-1309-VM,QINGLONG-DATA-COLLECT,Running,false,2013-03-07T17:00:01+0800,2,2600,2048,0,NetworkFilesystem,5c1032de-f0e3-4249-b72b-c385f550bb89,2CPU-2G,ROOT,9b832394-f254-4f6d-ba67-ed3979ac9fc6,8e19be3a-c953-4dec-aa74-857226de927c,生产系统资源域,,fengce,XenServer,02:00:2b:ec:00:32,10.1.1.218,93f09f63-56eb-4d26-896a-058b9ac8e521,c0dc4bc6-45ef-4bf9-a966-301f724962a6,192.168.31.169,xs04,ea62fda7-2b91-43ff-926a-32c277676a38,QINGLONG-DATA-COLLECT,
a5d2cb2a-8f54-43ef-84db-feea19e0a77e,i-7-1308-VM,QINGLONG-WEB-SERVER,Stopped,false,2013-03-07T16:59:24+0800,2,2600,2048,0,NetworkFilesystem,5c1032de-f0e3-4249-b72b-c385f550bb89,2CPU-2G,ROOT,9b832394-f254-4f6d-ba67-ed3979ac9fc6,8e19be3a-c953-4dec-aa74-857226de927c,生产系统资源域,,fengce,XenServer,02:00:6a:7d:00:31,10.1.1.190,93f09f63-56eb-4d26-896a-058b9ac8e521,492f2215-c8a8-49ac-9a86-486e52e30663,192.168.31.168,,0,QINGLONG-WEB-SERVER,
1f9c553d-1f70-4ac4-8984-6d8dd03de38d,i-7-1307-VM,QINGLONG-FILE-UPLOAD,Running,true,2013-03-07T16:58:57+0800,2,2600,3072,0,NetworkFilesystem,9c34ec9c-c8bf-4e6c-8cea-551165674bdf,2CPU-3G-HA,ROOT,9b832394-f254-4f6d-ba67-ed3979ac9fc6,8e19be3a-c953-4dec-aa74-857226de927c,生产系统资源域,,fengce,XenServer,02:00:58:c0:00:30,10.1.1.148,93f09f63-56eb-4d26-896a-058b9ac8e521,4f48754c-5e40-4b76-84dc-b91b2f417aee,192.168.31.167,xs06.gdcloud.com,99b5cd02-19e8-4f6a-b405-a4d82fcd180d,QINGLONG-FILE-UPLOAD,
01e58180-6920-474f-b2d8-b40777b1f638,i-7-1306-VM,WULIJI-LOCALPRED,Running,true,2013-03-07T16:58:13+0800,2,2600,2048,0,NetworkFilesystem,2f1973ac-7680-424a-897b-8efdd9257786,2CPU-2G-500M-HA,ROOT,9b832394-f254-4f6d-ba67-ed3979ac9fc6,8e19be3a-c953-4dec-aa74-857226de927c,生产系统资源域,,fengce,XenServer,02:00:2c:f7:00:2f,10.1.1.191,93f09f63-56eb-4d26-896a-058b9ac8e521,f275ece9-666a-40ef-b594-50a8911bdd55,192.168.31.161,xs04,ea62fda7-2b91-43ff-926a-32c277676a38,WULIJI-LOCALPRED,
12981cc3-66e5-48f1-bc76-02aa65034094,i-7-1305-VM,QINGLONG-LOCALPRED,Running,true,2013-03-07T16:56:52+0800,2,2600,2048,0,NetworkFilesystem,2f1973ac-7680-424a-897b-8efdd9257786,2CPU-2G-500M-HA,ROOT,9b832394-f254-4f6d-ba67-ed3979ac9fc6,8e19be3a-c953-4dec-aa74-857226de927c,生产系统资源域,,fengce,XenServer,02:00:55:ff:00:2e,10.1.1.85,93f09f63-56eb-4d26-896a-058b9ac8e521,ae3ba82b-ab3d-4b87-8190-a6733758838c,192.168.31.166,xs04,ea62fda7-2b91-43ff-926a-32c277676a38,QINGLONG-LOCALPRED,
07e4d725-1b04-49e6-8008-3949b9efc2cb,i-7-1304-VM,WULIJI-DATA-COLLECT,Running,false,2013-03-07T16:56:07+0800,2,2600,2048,0,NetworkFilesystem,5c1032de-f0e3-4249-b72b-c385f550bb89,2CPU-2G,ROOT,9b832394-f254-4f6d-ba67-ed3979ac9fc6,8e19be3a-c953-4dec-aa74-857226de927c,生产系统资源域,,fengce,XenServer,02:00:1c:5d:00:2d,10.1.1.156,93f09f63-56eb-4d26-896a-058b9ac8e521,060f0d9a-0c98-48a3-882c-439d8a31dad5,192.168.31.164,xs03,5c0ad0d7-e45c-4c9a-9138-ffc86328032a,WULIJI-DATA-COLLECT,
44685c1d-c466-4abc-ad35-72977e81da88,i-7-1303-VM,WULIJI-WEB-SERVER,Running,false,2013-03-07T16:55:34+0800,2,2600,2048,0,NetworkFilesystem,5c1032de-f0e3-4249-b72b-c385f550bb89,2CPU-2G,ROOT,9b832394-f254-4f6d-ba67-ed3979ac9fc6,8e19be3a-c953-4dec-aa74-857226de927c,生产系统资源域,,fengce,XenServer,02:00:7a:0e:00:2c,10.1.1.78,93f09f63-56eb-4d26-896a-058b9ac8e521,130be58c-eea2-4827-884e-e57705c12bdd,192.168.31.163,xs07,4e481ee9-1b35-4b06-8c65-01b07da67d76,WULIJI-WEB-SERVER,
5b40e5e2-b833-4d6a-8054-e2e50a01adb8,i-7-1302-VM,WULIJI-FILE-UPLOAD,Running,true,2013-03-07T16:54:44+0800,2,2600,3072,0,NetworkFilesystem,9c34ec9c-c8bf-4e6c-8cea-551165674bdf,2CPU-3G-HA,ROOT,9b832394-f254-4f6d-ba67-ed3979ac9fc6,8e19be3a-c953-4dec-aa74-857226de927c,生产系统资源域,,fengce,XenServer,02:00:5f:fb:00:2b,10.1.1.158,93f09f63-56eb-4d26-896a-058b9ac8e521,9a54d9f2-6b38-4053-bf7d-c1734371c452,192.168.31.162,xs04,ea62fda7-2b91-43ff-926a-32c277676a38,WULIJI-FILE-UPLOAD,
3264dfaf-0572-4473-9574-a4c3518b2684,i-7-1300-VM,JIAOQU-DATA-COLLECT,Running,false,2013-03-07T16:53:31+0800,2,2600,2048,0,NetworkFilesystem,5c1032de-f0e3-4249-b72b-c385f550bb89,2CPU-2G,ROOT,9b832394-f254-4f6d-ba67-ed3979ac9fc6,8e19be3a-c953-4dec-aa74-857226de927c,生产系统资源域,,fengce,XenServer,02:00:67:20:00:29,10.1.1.68,93f09f63-56eb-4d26-896a-058b9ac8e521,40b3ec99-4626-4586-a98b-0d446bcbd791,192.168.31.28,xs07,4e481ee9-1b35-4b06-8c65-01b07da67d76,JIAOQU-DATA-COLLECT,
da9648c1-d0d4-470c-bcc4-f1a5fa4d1328,i-7-1299-VM,JIAOQU-WEB-SERVER,Running,false,2013-03-07T16:52:46+0800,2,2600,2048,0,NetworkFilesystem,5c1032de-f0e3-4249-b72b-c385f550bb89,2CPU-2G,ROOT,9b832394-f254-4f6d-ba67-ed3979ac9fc6,8e19be3a-c953-4dec-aa74-857226de927c,生产系统资源域,,fengce,XenServer,02:00:4d:e7:00:28,10.1.1.241,93f09f63-56eb-4d26-896a-058b9ac8e521,eaf1069f-bcab-4515-b211-2ab344fb2937,192.168.31.27,xs04,ea62fda7-2b91-43ff-926a-32c277676a38,JIAOQU-WEB-SERVER,
9d2afc17-e399-42d9-b92d-9826b02e6398,i-7-1298-VM,JIAOQU-FILE-UPLOAD,Running,true,2013-03-07T16:48:25+0800,2,2600,3072,0,NetworkFilesystem,9c34ec9c-c8bf-4e6c-8cea-551165674bdf,2CPU-3G-HA,ROOT,9b832394-f254-4f6d-ba67-ed3979ac9fc6,8e19be3a-c953-4dec-aa74-857226de927c,生产系统资源域,,fengce,XenServer,02:00:74:4f:00:27,10.1.1.115,93f09f63-56eb-4d26-896a-058b9ac8e521,769da723-4c22-428d-aff2-011d4afa1de6,192.168.31.26,xs06.gdcloud.com,99b5cd02-19e8-4f6a-b405-a4d82fcd180d,JIAOQU-FILE-UPLOAD,
4775765c-7295-4db8-903c-122d395fae04,i-7-1296-VM,BAOSHAN-DATA-COLLECT,Running,false,2013-03-07T16:46:58+0800,2,2600,2048,0,NetworkFilesystem,5c1032de-f0e3-4249-b72b-c385f550bb89,2CPU-2G,ROOT,9b832394-f254-4f6d-ba67-ed3979ac9fc6,8e19be3a-c953-4dec-aa74-857226de927c,生产系统资源域,,fengce,XenServer,02:00:13:a8:00:25,10.1.1.219,93f09f63-56eb-4d26-896a-058b9ac8e521,2cedd059-1f4f-4941-9c24-938e2d5cc91f,192.168.31.23,xs04,ea62fda7-2b91-43ff-926a-32c277676a38,BAOSHAN-DATA-COLLECT,
9c966e85-faa3-411c-8245-a68290042db8,i-7-1295-VM,BAOSHAN-WEB-SERVER,Stopped,false,2013-03-07T16:46:14+0800,2,2600,2048,0,NetworkFilesystem,5c1032de-f0e3-4249-b72b-c385f550bb89,2CPU-2G,ROOT,9b832394-f254-4f6d-ba67-ed3979ac9fc6,8e19be3a-c953-4dec-aa74-857226de927c,生产系统资源域,,fengce,XenServer,02:00:42:cc:00:24,10.1.1.35,93f09f63-56eb-4d26-896a-058b9ac8e521,e9358d68-9b19-4106-8195-d778e853e634,192.168.31.22,,0,BAOSHAN-WEB-SERVER,
190e668a-4d69-435d-958f-1b41c04ed20e,i-7-1294-VM,BAOSHAN-FILE-UPLOAD,Running,true,2013-03-07T16:45:39+0800,2,2600,3072,0,NetworkFilesystem,9c34ec9c-c8bf-4e6c-8cea-551165674bdf,2CPU-3G-HA,ROOT,9b832394-f254-4f6d-ba67-ed3979ac9fc6,8e19be3a-c953-4dec-aa74-857226de927c,生产系统资源域,,fengce,XenServer,02:00:6c:4d:00:23,10.1.1.119,93f09f63-56eb-4d26-896a-058b9ac8e521,3a31f85d-e0ee-4439-8bb1-91c086767e00,192.168.31.21,xs04,ea62fda7-2b91-43ff-926a-32c277676a38,BAOSHAN-FILE-UPLOAD,
139f1f9a-6f99-4923-be94-7b6fd1b271af,i-7-1293-VM,BAOSHAN-LOCALPRED,Running,true,2013-03-07T16:44:47+0800,2,2600,2048,0,NetworkFilesystem,2f1973ac-7680-424a-897b-8efdd9257786,2CPU-2G-500M-HA,ROOT,9b832394-f254-4f6d-ba67-ed3979ac9fc6,8e19be3a-c953-4dec-aa74-857226de927c,生产系统资源域,,fengce,XenServer,02:00:7c:8b:00:22,10.1.1.100,93f09f63-56eb-4d26-896a-058b9ac8e521,849da9e9-dff8-4b0d-872d-256cf715ad63,192.168.31.20,xs04,ea62fda7-2b91-43ff-926a-32c277676a38,BAOSHAN-LOCALPRED,
622e114c-0fd3-4db4-b1b5-9b7143a5a56a,i-7-1292-VM,CHONGLI-DATA-COLLECT,Running,false,2013-03-07T16:43:55+0800,2,2600,2048,0,NetworkFilesystem,5c1032de-f0e3-4249-b72b-c385f550bb89,2CPU-2G,ROOT,9b832394-f254-4f6d-ba67-ed3979ac9fc6,8e19be3a-c953-4dec-aa74-857226de927c,生产系统资源域,,fengce,XenServer,02:00:56:17:00:21,10.1.1.16,93f09f63-56eb-4d26-896a-058b9ac8e521,d44993b3-d312-4c1a-9561-57e9251b7649,192.168.31.137,xs04,ea62fda7-2b91-43ff-926a-32c277676a38,CHONGLI-DATA-COLLECT,
574f1893-8396-4512-829c-2f242bb9884f,i-7-1291-VM,CHONGLI-WEB-SERVER,Running,false,2013-03-07T16:43:09+0800,2,2600,2048,0,NetworkFilesystem,5c1032de-f0e3-4249-b72b-c385f550bb89,2CPU-2G,ROOT,9b832394-f254-4f6d-ba67-ed3979ac9fc6,8e19be3a-c953-4dec-aa74-857226de927c,生产系统资源域,,fengce,XenServer,02:00:4e:0c:00:20,10.1.1.91,93f09f63-56eb-4d26-896a-058b9ac8e521,1975958e-da2e-49b9-ae4b-e7ba6e7e5c57,192.168.31.136,xs03,5c0ad0d7-e45c-4c9a-9138-ffc86328032a,CHONGLI-WEB-SERVER,
b45868c9-99a6-41ad-a1cc-263a513bc957,i-7-1290-VM,CHONGLI-FILE-UPLOAD,Running,true,2013-03-07T16:41:51+0800,2,2600,3072,0,NetworkFilesystem,9c34ec9c-c8bf-4e6c-8cea-551165674bdf,2CPU-3G-HA,ROOT,9b832394-f254-4f6d-ba67-ed3979ac9fc6,8e19be3a-c953-4dec-aa74-857226de927c,生产系统资源域,,fengce,XenServer,02:00:31:f4:00:1f,10.1.1.52,93f09f63-56eb-4d26-896a-058b9ac8e521,ff0329b4-0e1b-4f2e-9a1d-729cca50929e,192.168.31.135,xs03,5c0ad0d7-e45c-4c9a-9138-ffc86328032a,CHONGLI-FILE-UPLOAD,
bd8399e6-07a3-48a0-ade1-c517ad26d4e7,i-7-1289-VM,DIAOBINGSHAN-FILE-UPLOAD,Running,true,2013-03-07T16:37:36+0800,2,2600,3072,0,NetworkFilesystem,9c34ec9c-c8bf-4e6c-8cea-551165674bdf,2CPU-3G-HA,ROOT,9b832394-f254-4f6d-ba67-ed3979ac9fc6,8e19be3a-c953-4dec-aa74-857226de927c,生产系统资源域,,fengce,XenServer,02:00:78:8d:00:1e,10.1.1.186,93f09f63-56eb-4d26-896a-058b9ac8e521,2ad1a131-be42-4533-81a8-0d0beaf288a7,192.168.31.128,xs07,4e481ee9-1b35-4b06-8c65-01b07da67d76,DIAOBINGSHAN-FILE-UPLOAD,
addfae1c-99c1-43e4-b782-7e6e73f4556a,i-7-1287-VM,DIAOBINGSHAN-LOCALPRED,Running,true,2013-03-07T15:29:51+0800,2,2600,2048,0,NetworkFilesystem,2f1973ac-7680-424a-897b-8efdd9257786,2CPU-2G-500M-HA,ROOT,9b832394-f254-4f6d-ba67-ed3979ac9fc6,8e19be3a-c953-4dec-aa74-857226de927c,生产系统资源域,,fengce,XenServer,02:00:0b:96:00:1c,10.1.1.178,93f09f63-56eb-4d26-896a-058b9ac8e521,74fdd27a-0d71-4f8c-acba-47c37c9bbe2c,192.168.31.134,xs06.gdcloud.com,99b5cd02-19e8-4f6a-b405-a4d82fcd180d,CHONGLI-LOCALPRED,
9d358ffc-3690-4c26-ba03-a97f97f62923,i-6-137-VM,weiwang-HMI,Running,false,2012-11-01T23:03:54+0800,4,2600,3072,0,NetworkFilesystem,51ea8c01-8f13-4e23-bf80-03a70d95839b,4CPU-3G,ROOT,9b832394-f254-4f6d-ba67-ed3979ac9fc6,8e19be3a-c953-4dec-aa74-857226de927c,生产系统资源域,,weiwang,XenServer,02:00:1d:77:00:0c,10.1.1.10,e32a6f9a-4f53-4d72-a1d9-879aaf1b7502,70132ee9-908c-45bd-bc07-dfcd3acc7dbd,192.168.31.83,xs03,5c0ad0d7-e45c-4c9a-9138-ffc86328032a,weiwang-HMI,
a825074c-d307-47e4-9765-36f58c8c40eb,i-6-136-VM,weiwang-VeStoreDB,Running,false,2012-11-01T22:06:07+0800,2,2600,3072,0,NetworkFilesystem,2a5249ed-ec21-4145-90c9-1d88e197769e,2CPU-3G,ROOT,9b832394-f254-4f6d-ba67-ed3979ac9fc6,8e19be3a-c953-4dec-aa74-857226de927c,生产系统资源域,,weiwang,XenServer,02:00:36:f5:00:0b,10.1.1.223,e32a6f9a-4f53-4d72-a1d9-879aaf1b7502,320b7baf-27c7-4032-858e-b1f42ff3bf17,192.168.31.113,xs05,7798b6ad-70a5-4ad9-b384-42c9e078451a,weiwang-VeStoreDB,
be6654b4-d290-4302-885f-6f65df18c4d2,i-6-135-VM,weiwang-Alarm,Running,false,2012-11-01T22:02:38+0800,2,2600,3072,0,NetworkFilesystem,2a5249ed-ec21-4145-90c9-1d88e197769e,2CPU-3G,ROOT,9b832394-f254-4f6d-ba67-ed3979ac9fc6,8e19be3a-c953-4dec-aa74-857226de927c,生产系统资源域,,weiwang,XenServer,02:00:7a:17:00:0a,10.1.1.87,e32a6f9a-4f53-4d72-a1d9-879aaf1b7502,3562d56a-bc81-4a8a-aadd-b0288b191d04,192.168.31.117,xs05,7798b6ad-70a5-4ad9-b384-42c9e078451a,weiwang-Alarm,
ebcb8ef4-38f3-4de7-b734-638b7a2fcc8c,i-6-134-VM,weiwang-HistoryDB,Running,true,2012-11-01T19:40:06+0800,2,2600,3072,0,NetworkFilesystem,9c34ec9c-c8bf-4e6c-8cea-551165674bdf,2CPU-3G-HA,ROOT,9b832394-f254-4f6d-ba67-ed3979ac9fc6,8e19be3a-c953-4dec-aa74-857226de927c,生产系统资源域,,weiwang,XenServer,02:00:08:ca:00:09,10.1.1.222,e32a6f9a-4f53-4d72-a1d9-879aaf1b7502,e9f2d7eb-e389-47c1-b812-30e0ec9a07b0,192.168.31.114,xs05,7798b6ad-70a5-4ad9-b384-42c9e078451a,weiwang-HistoryDB,
a36ea5f7-bda5-4ae2-89c7-6d50f43be758,i-7-1283-VM,DIAOBINGSHAN-DATA-COLLECT,Running,false,2013-03-07T10:13:30+0800,2,2600,2048,0,NetworkFilesystem,5c1032de-f0e3-4249-b72b-c385f550bb89,2CPU-2G,ROOT,9b832394-f254-4f6d-ba67-ed3979ac9fc6,8e19be3a-c953-4dec-aa74-857226de927c,生产系统资源域,,fengce,XenServer,02:00:61:54:00:19,10.1.1.86,93f09f63-56eb-4d26-896a-058b9ac8e521,1ceecdd0-d01d-4d1f-89c6-d8fafa42b51b,192.168.31.131,xs03,5c0ad0d7-e45c-4c9a-9138-ffc86328032a,DIAOBINGSHAN-DATA-COLLECT,
baf5c5d1-91b0-414c-9c53-affd846e53b8,i-6-133-VM,weiwang-Config,Running,false,2012-11-01T19:25:52+0800,2,2600,3072,0,NetworkFilesystem,2a5249ed-ec21-4145-90c9-1d88e197769e,2CPU-3G,ROOT,9b832394-f254-4f6d-ba67-ed3979ac9fc6,8e19be3a-c953-4dec-aa74-857226de927c,生产系统资源域,,weiwang,XenServer,02:00:1a:c1:00:08,10.1.1.152,e32a6f9a-4f53-4d72-a1d9-879aaf1b7502,9270f53e-9cf1-41fa-b119-e1c8845def9b,192.168.31.115,xs07,4e481ee9-1b35-4b06-8c65-01b07da67d76,weiwang-Config,
a9869053-bc03-44ab-91fe-c9a0d3333a4f,i-7-1282-VM,DIAOBINGSHAN-WEB-SERVER,Running,false,2013-03-07T09:59:38+0800,2,2600,2048,0,NetworkFilesystem,5c1032de-f0e3-4249-b72b-c385f550bb89,2CPU-2G,ROOT,9b832394-f254-4f6d-ba67-ed3979ac9fc6,8e19be3a-c953-4dec-aa74-857226de927c,生产系统资源域,,fengce,XenServer,02:00:1c:58:00:18,10.1.1.212,93f09f63-56eb-4d26-896a-058b9ac8e521,3373dfcd-e032-4334-a2c3-f0f590dac1ce,192.168.31.130,xs07,4e481ee9-1b35-4b06-8c65-01b07da67d76,DIAOBINGSHAN-WEB-SERVER,
e0565335-2177-4bb4-ab30-a718a2c6c4b1,i-7-1281-VM,DIAOBINGSHAN-VESTORE-DB,Running,true,2013-03-07T09:56:40+0800,4,2600,3072,0,NetworkFilesystem,f05cfdd6-bae5-43fb-9d82-609b07ac1a39,4CPU-3G-HA,ROOT,9b832394-f254-4f6d-ba67-ed3979ac9fc6,8e19be3a-c953-4dec-aa74-857226de927c,生产系统资源域,,fengce,XenServer,02:00:21:69:00:17,10.1.1.154,93f09f63-56eb-4d26-896a-058b9ac8e521,a0b94952-1624-4041-9c49-17a8abe92934,192.168.31.129,xs06.gdcloud.com,99b5cd02-19e8-4f6a-b405-a4d82fcd180d,DIAOBINGSHAN-VESTORE-DB,
093fb890-1a68-4530-80c5-12994eb89d31,i-6-131-VM,weiwang-RealDB,Running,true,2012-10-31T23:01:49+0800,2,2600,3072,0,NetworkFilesystem,9c34ec9c-c8bf-4e6c-8cea-551165674bdf,2CPU-3G-HA,ROOT,9b832394-f254-4f6d-ba67-ed3979ac9fc6,8e19be3a-c953-4dec-aa74-857226de927c,生产系统资源域,,weiwang,XenServer,02:00:47:65:00:07,10.1.1.163,e32a6f9a-4f53-4d72-a1d9-879aaf1b7502,2e36a209-a831-4d05-9023-c33d41383dcc,192.168.31.190,xs03,5c0ad0d7-e45c-4c9a-9138-ffc86328032a,weiwang-IOServer,
4fc92eef-c41d-44a4-8ebc-1afeb5f146d7,i-6-129-VM,weiwang-io-4,Running,true,2012-10-31T22:57:48+0800,2,2600,3072,0,NetworkFilesystem,9c34ec9c-c8bf-4e6c-8cea-551165674bdf,2CPU-3G-HA,ROOT,9b832394-f254-4f6d-ba67-ed3979ac9fc6,8e19be3a-c953-4dec-aa74-857226de927c,生产系统资源域,,weiwang,XenServer,02:00:52:23:00:05,10.1.1.119,e32a6f9a-4f53-4d72-a1d9-879aaf1b7502,7f123269-174a-4920-a1d4-d2982b11cfb0,192.168.31.60,xs05,7798b6ad-70a5-4ad9-b384-42c9e078451a,weiwang-Picture,
8fffd0a8-3ab3-459a-99ec-485f501d515c,i-6-128-VM,weiwang-io-1,Running,true,2012-10-31T22:50:02+0800,2,2600,3072,0,NetworkFilesystem,9c34ec9c-c8bf-4e6c-8cea-551165674bdf,2CPU-3G-HA,ROOT,9b832394-f254-4f6d-ba67-ed3979ac9fc6,8e19be3a-c953-4dec-aa74-857226de927c,生产系统资源域,,weiwang,XenServer,02:00:4b:f9:00:04,10.1.1.5,e32a6f9a-4f53-4d72-a1d9-879aaf1b7502,86a8ac2b-99db-4418-a4fc-40524d6be3ba,192.168.31.112,xs05,7798b6ad-70a5-4ad9-b384-42c9e078451a,weiwang-RealDB,
2ea66844-dec9-4e71-9bc5-12a5be21ee1c,i-9-124-VM,appbackup-server,Stopped,false,2012-10-31T19:04:48+0800,2,2600,4096,0,NetworkFilesystem,596af197-c448-4f50-b464-ff9fbf45ca49,2CPU-4G-h2,ROOT,9b832394-f254-4f6d-ba67-ed3979ac9fc6,6b8422b1-f9ba-49f0-901e-83f7e1851993,集团门户资源域,,jituanmenhu,KVM,02:00:34:2b:00:15,10.1.1.217,c04cf266-dc74-48df-984b-e0651d2b7bda,f11b7b62-b88e-48f4-bec0-000c354027c8,192.168.32.95,,0,(no)appbackup-server,
6d09c983-a31d-415f-bd61-29d0669fa015,i-13-1270-VM,ranshaoyouhua,Running,false,2013-02-22T11:00:06+0800,2,4000,4096,0,NetworkFilesystem,bb32006c-e802-40dd-935f-beb70ad7b899,2CPU-4G,ROOT,9b832394-f254-4f6d-ba67-ed3979ac9fc6,8e19be3a-c953-4dec-aa74-857226de927c,生产系统资源域,,ranshaoyouhua,XenServer,02:00:6b:df:00:01,10.1.1.108,3fb323e3-649a-4d90-b5ac-fb7deb102d91,78fa69d4-9f62-4c4d-916d-f2bbc358d176,192.168.31.98,xs03,5c0ad0d7-e45c-4c9a-9138-ffc86328032a,ranshaoyouhua,
088b9d0e-69a8-46ba-a10d-82d7e57766fa,i-7-116-VM,wpfs-web-dev2,Running,false,2012-10-31T18:10:30+0800,4,2600,16384,0,NetworkFilesystem,ebb486dc-b78d-4854-950e-72a9e5e60945,4CPU-16G,ROOT,9b832394-f254-4f6d-ba67-ed3979ac9fc6,8e19be3a-c953-4dec-aa74-857226de927c,生产系统资源域,,fengce,XenServer,02:00:3e:5a:00:06,10.1.1.162,93f09f63-56eb-4d26-896a-058b9ac8e521,2c5b03e7-fb65-436e-b583-65b79b34f6b4,192.168.31.165,xs04,ea62fda7-2b91-43ff-926a-32c277676a38,wpfs-web-dev2,
3ae539d0-9fec-488f-95d5-50d4fccfbdfb,i-7-1262-VM,WPFRTInterfaceTest,Running,false,2012-12-24T17:37:35+0800,2,2600,3072,0,NetworkFilesystem,2a5249ed-ec21-4145-90c9-1d88e197769e,2CPU-3G,ROOT,9b832394-f254-4f6d-ba67-ed3979ac9fc6,8e19be3a-c953-4dec-aa74-857226de927c,生产系统资源域,,fengce,XenServer,02:00:6a:0b:00:10,10.1.1.26,93f09f63-56eb-4d26-896a-058b9ac8e521,b088a828-ad22-4051-9053-4993ea236ff3,192.168.31.122,xs06.gdcloud.com,99b5cd02-19e8-4f6a-b405-a4d82fcd180d,WPFRTInterfaceTest,
83aaaa26-200d-4ff4-bb76-45a867880d51,i-7-1261-VM,WPFRTInterface,Running,false,2012-12-24T16:50:22+0800,2,2600,3072,0,NetworkFilesystem,2a5249ed-ec21-4145-90c9-1d88e197769e,2CPU-3G,ROOT,9b832394-f254-4f6d-ba67-ed3979ac9fc6,8e19be3a-c953-4dec-aa74-857226de927c,生产系统资源域,,fengce,XenServer,02:00:62:f5:00:0f,10.1.1.189,93f09f63-56eb-4d26-896a-058b9ac8e521,9aa6d48d-2cb2-414a-826c-3ff72b083fdb,192.168.31.158,xs05,7798b6ad-70a5-4ad9-b384-42c9e078451a,WPFRTInterface,
9a8b94c1-1ba3-4426-a6c8-f2da886e5c52,i-9-1249-VM,ldap-server-2,Stopped,true,2012-12-12T10:25:49+0800,4,2600,12288,0,NetworkFilesystem,6bbffec7-a5e5-4247-9e5a-a1f362ebcb34,4CPU-12G-h2-HA,ROOT,9b832394-f254-4f6d-ba67-ed3979ac9fc6,6b8422b1-f9ba-49f0-901e-83f7e1851993,集团门户资源域,,jituanmenhu,KVM,02:00:7f:81:00:1a,10.1.1.85,c04cf266-dc74-48df-984b-e0651d2b7bda,b98f07e8-a758-47ef-941c-2955f1e392d6,192.168.32.89,,0,(no)ldap-server-2,
3aacd8aa-50d7-4099-a73b-e61846cd1a58,i-17-1976-VM,nano-techweb,Running,true,2013-12-27T09:21:05+0800,4,2600,4096,0,NetworkFilesystem,f7b9ea6a-1979-4a7c-a9fc-343a42fc4e03,4CPU-4G-is-z3p1c2-na-slow,ROOT,9b832394-f254-4f6d-ba67-ed3979ac9fc6,81e63956-ff38-4ea5-a043-b859ceac0f19,信息系统域,,xenvip,XenServer,02:00:2b:b5:00:05,10.1.1.69,055c00f5-f675-4067-ba3b-86ffff890351,f76c54b0-e52b-4b11-a50b-d23898ba9b39,172.17.0.91,xs213.gdcloud.com,849645e1-a5df-41be-9107-554ac019de01,nano-techweb,
ecb2ebc0-6259-4bd3-9cb2-2c46ecbe4871,i-15-1975-VM,modbus3,Running,false,2013-12-27T09:00:50+0800,4,2600,4096,0,NetworkFilesystem,f4bfa8ae-9c5f-4411-90e3-a5c6ca47ae6e,4CPU-4G-gdupc-nfs-slow,ROOT,9b832394-f254-4f6d-ba67-ed3979ac9fc6,8e19be3a-c953-4dec-aa74-857226de927c,生产系统资源域,,gdupc,XenServer,02:00:75:e9:00:60,10.1.1.246,e17dc6cf-fcd7-4ede-8582-2b97ad20dc6a,db0b0bef-2f67-4dfd-9b3c-9dbabb784511,192.168.31.125,xs52.gdcloud.com,9fd0fce4-6c8c-45c9-a9d8-0649a8d627c3,modbus3,
afdf0578-7543-4bf7-9e97-2ae6222d8dd5,i-18-1974-VM,ERPR3LOAD1,Running,true,2013-12-23T12:00:33+0800,6,2600,8192,0,NetworkFilesystem,0dc1f5a2-b245-4034-b9a3-84218a61e95d,6CPU-8G-is-z3p1c2-na-slow,ROOT,9b832394-f254-4f6d-ba67-ed3979ac9fc6,81e63956-ff38-4ea5-a043-b859ceac0f19,信息系统域,,isinternal,XenServer,02:00:62:9d:00:17,10.1.1.43,518612eb-1d03-4995-a872-362a9c7867bd,25317b2d-4b8b-4b64-afce-7781464b462c,172.17.0.60,xs212.gdcloud.com,1c35071c-5af0-4ea1-8105-4f541c5186b4,ERPR3LOAD1,
64b620db-856a-48d7-a70a-bb91aa23864a,i-19-1973-VM,rtsystem-win7,Running,true,2013-12-23T09:37:49+0800,4,2600,4096,0,NetworkFilesystem,b327d3bc-77d3-409d-9f10-04713539ca33,4CPU-4G-NA-SLOW-XEN,ROOT,9b832394-f254-4f6d-ba67-ed3979ac9fc6,8e19be3a-c953-4dec-aa74-857226de927c,生产系统资源域,,dianzhan,XenServer,02:00:7e:98:00:06,10.1.1.6,4344a205-e9ec-4182-b4ce-505f662982a2,b1ae07dd-6f2f-452e-9bc1-44298fc55791,192.168.31.99,xs05,7798b6ad-70a5-4ad9-b384-42c9e078451a,rtsystem-win7,
8da8deb1-c801-4180-b594-d6bbbe00596e,i-19-1972-VM,rtsystem,Stopped,false,2013-12-20T09:31:19+0800,2,2600,4096,0,NetworkFilesystem,2e65cecf-6631-4705-8b7d-b8e108bc6b16,2CPU-4G-NA-SLOW-XEN,ROOT,9b832394-f254-4f6d-ba67-ed3979ac9fc6,8e19be3a-c953-4dec-aa74-857226de927c,生产系统资源域,,dianzhan,XenServer,02:00:21:59:00:05,10.1.1.246,4344a205-e9ec-4182-b4ce-505f662982a2,8a4ae313-dbb3-4d92-aae8-809ab77c0cdc,192.168.31.104,,0,(no)rtsystem,
1370b075-7c5b-4bc3-85ea-6d37ced0a06b,i-21-1968-VM,rsyh-zsltest,Running,false,2013-12-17T16:10:59+0800,2,2600,4096,0,NetworkFilesystem,4387cfd8-f349-4864-87cc-5e563a05559d,2CPU-4G-test-nfs-z2p201c1,ROOT,9b832394-f254-4f6d-ba67-ed3979ac9fc6,8e19be3a-c953-4dec-aa74-857226de927c,生产系统资源域,,test,XenServer,02:00:62:96:00:23,10.1.1.228,5203d048-6b2d-4afe-a851-22cf5cafb4fc,ac836830-f108-4d1b-b231-32d6c2acfe36,192.168.31.189,xstest1.gdcloud.com,f1e89379-5fc2-4661-bd59-750991c2eecc,rsyh-zsltest,
9c9541d5-ca46-4d15-b7eb-3411ff0d288e,i-15-1967-VM,SJZX39,Running,false,2013-12-17T11:12:30+0800,2,2600,4096,0,NetworkFilesystem,d4ae76fd-f100-49de-b140-f5e7d3200a67,2CPU-4G-gdupc-nfs-slow,ROOT,9b832394-f254-4f6d-ba67-ed3979ac9fc6,8e19be3a-c953-4dec-aa74-857226de927c,生产系统资源域,,gdupc,XenServer,02:00:4d:ef:00:5c,10.1.1.123,e17dc6cf-fcd7-4ede-8582-2b97ad20dc6a,4ef5610e-dc7c-4fdf-8555-9c55166815ca,192.168.31.61,xs53.gdcloud.com,ec5a157d-4b6c-4d30-93e8-06cc7a81642a,SJZX39,
f752344c-214c-4e90-8b0f-d0a46e969e41,i-7-1964-VM,beizhen-localpred,Running,false,2013-12-13T14:23:47+0800,2,2600,2048,0,NetworkFilesystem,55dcedc9-d902-42dc-8923-5ae35e01e4fe,2CPU-2G-500M-netapp-slow-xen,ROOT,9b832394-f254-4f6d-ba67-ed3979ac9fc6,8e19be3a-c953-4dec-aa74-857226de927c,生产系统资源域,,fengce,XenServer,02:00:71:ba:00:44,10.1.1.102,93f09f63-56eb-4d26-896a-058b9ac8e521,9140295f-ba23-4245-b8c0-d4939f4138ee,192.168.31.66,xs04,ea62fda7-2b91-43ff-926a-32c277676a38,beizhen-localpred,
b1cbd901-aaa4-4723-9dc8-96015f525f70,i-7-1958-VM,webfigures2,Running,false,2013-12-09T10:36:06+0800,8,2600,10240,0,NetworkFilesystem,a735775f-6a8b-4ab2-9c4f-09324e023625,8CPU-10G-NA-SLOW-XS,ROOT,9b832394-f254-4f6d-ba67-ed3979ac9fc6,8e19be3a-c953-4dec-aa74-857226de927c,生产系统资源域,,fengce,XenServer,02:00:21:4c:00:3f,10.1.1.19,93f09f63-56eb-4d26-896a-058b9ac8e521,5dcbcb70-6864-4b3e-86dc-38e04d8b3299,192.168.31.65,xs07,4e481ee9-1b35-4b06-8c65-01b07da67d76,webfigures2,
bfa5f677-9114-4ef5-83dc-5dc3f911810c,i-7-1957-VM,webfigures1,Stopped,false,2013-12-09T10:27:01+0800,8,2600,10240,0,NetworkFilesystem,a735775f-6a8b-4ab2-9c4f-09324e023625,8CPU-10G-NA-SLOW-XS,ROOT,9b832394-f254-4f6d-ba67-ed3979ac9fc6,8e19be3a-c953-4dec-aa74-857226de927c,生产系统资源域,,fengce,XenServer,02:00:1a:b7:00:3e,10.1.1.29,93f09f63-56eb-4d26-896a-058b9ac8e521,1f2cd89d-c13f-42e4-856f-166e64ada633,192.168.31.64,,0,webfigures1,
6c6fb602-ab81-4243-b222-2990e028bc02,i-18-1956-VM,jijianmis-xs,Running,false,2013-12-03T16:52:45+0800,2,2600,4096,0,NetworkFilesystem,19f8fa80-f97c-484f-b280-ac00314d8aa8,2CPU-4G-is-z3p1c2-na-slow,ROOT,9b832394-f254-4f6d-ba67-ed3979ac9fc6,81e63956-ff38-4ea5-a043-b859ceac0f19,信息系统域,,isinternal,XenServer,02:00:65:fe:00:16,10.1.1.90,518612eb-1d03-4995-a872-362a9c7867bd,3e5f5848-cfff-4453-91d8-2edef4195206,172.17.0.59,xs212.gdcloud.com,1c35071c-5af0-4ea1-8105-4f541c5186b4,jijianmis-xs,
2c7a8161-0b61-41e3-9e55-c3d1d978e94e,i-9-1955-VM,khSVN-xs,Running,false,2013-12-03T16:44:18+0800,2,2600,4096,0,NetworkFilesystem,ac08a2a1-c554-4a9e-89af-db42adc263e9,2CPU-4G-khjtz2p1c2-nfs-slow,ROOT,9b832394-f254-4f6d-ba67-ed3979ac9fc6,8e19be3a-c953-4dec-aa74-857226de927c,生产系统资源域,,jituanmenhu,XenServer,02:00:62:11:00:09,10.1.1.137,6b54a338-1f21-49cf-a94b-416ff75e5b59,bb4e7738-00d9-4c75-a41c-f0090533b8d4,192.168.31.78,xs227.gdcloud.com,1c5c8c2d-38bc-4079-a76d-a7706f7bfd1e,khSVN-xs,
a9d2c8a2-b39a-4ed4-9b30-2fa3147066d3,i-9-1954-VM,appbackup-xs,Running,false,2013-12-03T15:48:32+0800,2,2600,4096,0,NetworkFilesystem,ac08a2a1-c554-4a9e-89af-db42adc263e9,2CPU-4G-khjtz2p1c2-nfs-slow,ROOT,9b832394-f254-4f6d-ba67-ed3979ac9fc6,8e19be3a-c953-4dec-aa74-857226de927c,生产系统资源域,,jituanmenhu,XenServer,02:00:3d:6b:00:08,10.1.1.231,6b54a338-1f21-49cf-a94b-416ff75e5b59,2ce69681-c263-4da5-8ec1-cbdec1a4e7f2,192.168.31.138,xs227.gdcloud.com,1c5c8c2d-38bc-4079-a76d-a7706f7bfd1e,appbackup-xs,
a6571aa3-cc1a-4aef-b9fa-e3e188bd0f78,i-9-1953-VM,ReportRelease-xs,Running,true,2013-12-03T15:37:49+0800,4,2600,12288,0,NetworkFilesystem,d0e43d6f-7ec2-4a0c-aa6b-5f039733c443,4CPU-12G-khjtz2p1c2-nfs-slow-ha,ROOT,9b832394-f254-4f6d-ba67-ed3979ac9fc6,8e19be3a-c953-4dec-aa74-857226de927c,生产系统资源域,,jituanmenhu,XenServer,02:00:40:8e:00:07,10.1.1.235,6b54a338-1f21-49cf-a94b-416ff75e5b59,bf6fc313-f758-438f-bf92-16a007e47994,192.168.31.133,xs228.gdcloud.com,d3cb6e25-e100-4890-9d74-7a0defec1ff6,ReportRelease-xs,
a70d5153-78f7-433d-9e5c-d4e54d453176,i-10-1952-VM,TRneiwang-web,Running,false,2013-11-26T15:08:08+0800,4,2600,8192,0,NetworkFilesystem,024a7814-ffa5-4473-8e53-0d0f8d5098b0,4CPU-8G-is-nfs-slow,ROOT,9b832394-f254-4f6d-ba67-ed3979ac9fc6,81e63956-ff38-4ea5-a043-b859ceac0f19,信息系统域,,dangyuanzhijia,XenServer,02:00:6c:d8:00:0e,10.1.1.170,e36090e7-9ade-48f2-94a6-0219f506693c,995c2dd2-89f1-412b-afc8-23bf17fcf436,172.17.0.112,xs201.gdcloud.com,c44934c8-8a3c-4b79-9f92-bad0da86c7b1,TRneiwang-web,
28560ed2-1698-4ff5-a8db-d2d7d1143b2a,i-12-1950-VM,mgmt-swdev,Running,false,2013-11-26T11:01:34+0800,4,2600,6144,0,NetworkFilesystem,623ec31f-7a7a-4c89-99b4-05ec8815c5fc,4CPU-6G-NA-SLOW-XS,ROOT,9b832394-f254-4f6d-ba67-ed3979ac9fc6,8e19be3a-c953-4dec-aa74-857226de927c,生产系统资源域,,ruanjianyanfa,XenServer,02:00:2c:16:00:06,10.1.1.185,1fe0958b-f678-4b11-b1a7-60015df92f96,98555f44-e3e7-48f7-92e4-655a315176c1,192.168.31.174,xs05,7798b6ad-70a5-4ad9-b384-42c9e078451a,mgmt-swdev,
8b7dd649-4c55-4f09-b98e-32e6ed3a52d0,i-22-1949-VM,KHDOC2,Running,true,2013-11-25T16:01:25+0800,8,2600,16384,0,NetworkFilesystem,3252a2d0-9fdb-4f21-b378-345f6a808f9e,8CPU-16G-z3p1c3-1-nfs-slow-HA,ROOT,9b832394-f254-4f6d-ba67-ed3979ac9fc6,81e63956-ff38-4ea5-a043-b859ceac0f19,信息系统域,,caigoupingtai,XenServer,02:00:49:2f:00:0b,10.1.1.244,bcb600ae-fc07-434e-938d-2da8a75515f9,a064d20b-f150-42a0-97f7-5d3777b59471,172.17.0.80,xs225.gdcloud.com,46ed6bbc-5a3d-47b9-a1ce-f3d3551fdb56,KHDOC2,
c577eae3-5e66-4112-8033-35de7755782c,i-22-1948-VM,KHDOC1,Running,true,2013-11-25T16:00:50+0800,8,2600,16384,0,NetworkFilesystem,3252a2d0-9fdb-4f21-b378-345f6a808f9e,8CPU-16G-z3p1c3-1-nfs-slow-HA,ROOT,9b832394-f254-4f6d-ba67-ed3979ac9fc6,81e63956-ff38-4ea5-a043-b859ceac0f19,信息系统域,,caigoupingtai,XenServer,02:00:67:21:00:0a,10.1.1.53,bcb600ae-fc07-434e-938d-2da8a75515f9,686f1b10-0462-4303-a60f-32b201ab3a50,172.17.0.79,xs221.gdcloud.com,98cf1532-3428-4a57-8540-5653f7d3aaaf,KHDOC1,
33fbdf21-8c4a-40d7-9f91-8d5d707b33bf,i-22-1947-VM,GDSXMIS,Running,true,2013-11-25T14:59:53+0800,8,2600,16384,0,NetworkFilesystem,3252a2d0-9fdb-4f21-b378-345f6a808f9e,8CPU-16G-z3p1c3-1-nfs-slow-HA,ROOT,9b832394-f254-4f6d-ba67-ed3979ac9fc6,81e63956-ff38-4ea5-a043-b859ceac0f19,信息系统域,,caigoupingtai,XenServer,02:00:2e:27:00:09,10.1.1.110,bcb600ae-fc07-434e-938d-2da8a75515f9,20bfa9b8-c186-479f-952a-866f0b9143bf,172.17.0.78,xs221.gdcloud.com,98cf1532-3428-4a57-8540-5653f7d3aaaf,GDSXMIS,
8585d576-f5ab-4bf5-96e6-2ba7f2ac0233,i-21-1946-VM,iPXE,Stopped,false,2013-11-22T17:24:12+0800,2,2600,4096,0,NetworkFilesystem,4387cfd8-f349-4864-87cc-5e563a05559d,2CPU-4G-test-nfs-z2p201c1,ROOT,9b832394-f254-4f6d-ba67-ed3979ac9fc6,8e19be3a-c953-4dec-aa74-857226de927c,生产系统资源域,,test,XenServer,02:00:60:c0:00:22,10.1.1.55,5203d048-6b2d-4afe-a851-22cf5cafb4fc,,,,0,iPXE,
5abd8c4a-d809-4c7e-92f8-35459dfbace8,i-9-1945-VM,ldap-server-xs,Running,true,2013-11-22T16:17:34+0800,4,2600,12288,0,NetworkFilesystem,d0e43d6f-7ec2-4a0c-aa6b-5f039733c443,4CPU-12G-khjtz2p1c2-nfs-slow-ha,ROOT,9b832394-f254-4f6d-ba67-ed3979ac9fc6,8e19be3a-c953-4dec-aa74-857226de927c,生产系统资源域,,jituanmenhu,XenServer,02:00:4b:6f:00:06,10.1.1.160,6b54a338-1f21-49cf-a94b-416ff75e5b59,8888051c-8b4a-44b2-a025-22a1aa148813,192.168.31.132,xs228.gdcloud.com,d3cb6e25-e100-4890-9d74-7a0defec1ff6,ldap-server-xs,
819099f5-ec42-4212-8517-669f26a70bbb,i-9-1944-VM,portal-server-xs,Running,true,2013-11-22T14:32:03+0800,8,2600,32768,0,NetworkFilesystem,e69e103a-d710-45a9-9eb3-ffc86d8cb4b7,8CPU-32G-500m-khjtz2p1c2-nfs-slow-ha,ROOT,9b832394-f254-4f6d-ba67-ed3979ac9fc6,8e19be3a-c953-4dec-aa74-857226de927c,生产系统资源域,,jituanmenhu,XenServer,02:00:4b:5f:00:05,10.1.1.12,6b54a338-1f21-49cf-a94b-416ff75e5b59,fdafe312-beb4-4f47-938b-9fdde314d6f4,192.168.31.126,xs227.gdcloud.com,1c5c8c2d-38bc-4079-a76d-a7706f7bfd1e,portal-server-xs,
357977bf-ba35-4fd7-b491-43ef15b5c392,i-13-1939-VM,RSYHCLOUD4,Running,false,2013-11-19T12:01:21+0800,2,2600,4096,0,NetworkFilesystem,2e65cecf-6631-4705-8b7d-b8e108bc6b16,2CPU-4G-NA-SLOW-XEN,ROOT,9b832394-f254-4f6d-ba67-ed3979ac9fc6,8e19be3a-c953-4dec-aa74-857226de927c,生产系统资源域,,ranshaoyouhua,XenServer,02:00:17:eb:00:08,10.1.1.146,3fb323e3-649a-4d90-b5ac-fb7deb102d91,aa20f567-41b0-471d-be91-4bff59064aef,192.168.31.58,xs07,4e481ee9-1b35-4b06-8c65-01b07da67d76,RSYHCLOUD4,
4478ca86-ced5-46c5-ba44-6790a4578622,i-13-1938-VM,RSYHCLOUD3,Running,false,2013-11-19T12:00:14+0800,2,2600,4096,0,NetworkFilesystem,2e65cecf-6631-4705-8b7d-b8e108bc6b16,2CPU-4G-NA-SLOW-XEN,ROOT,9b832394-f254-4f6d-ba67-ed3979ac9fc6,8e19be3a-c953-4dec-aa74-857226de927c,生产系统资源域,,ranshaoyouhua,XenServer,02:00:2f:30:00:07,10.1.1.206,3fb323e3-649a-4d90-b5ac-fb7deb102d91,1a4da38d-6f9c-44fb-a144-e54d0f024118,192.168.31.55,xs04,ea62fda7-2b91-43ff-926a-32c277676a38,RSYHCLOUD3,
88021df4-a424-4b16-8145-2cbadee7a7c2,i-13-1937-VM,RSYHCLOUD2,Running,false,2013-11-19T11:59:05+0800,2,2600,4096,0,NetworkFilesystem,2e65cecf-6631-4705-8b7d-b8e108bc6b16,2CPU-4G-NA-SLOW-XEN,ROOT,9b832394-f254-4f6d-ba67-ed3979ac9fc6,8e19be3a-c953-4dec-aa74-857226de927c,生产系统资源域,,ranshaoyouhua,XenServer,02:00:6a:c3:00:06,10.1.1.173,3fb323e3-649a-4d90-b5ac-fb7deb102d91,1460b83f-36d8-4e09-b006-947545f2f0b0,192.168.31.30,xs03,5c0ad0d7-e45c-4c9a-9138-ffc86328032a,RSYHCLOUD2,
bf8b1b94-d8ae-4dd5-a59d-4b98278672b1,i-23-1936-VM,HRCSQ,Running,false,2013-11-14T16:36:10+0800,4,2600,8192,0,NetworkFilesystem,ec1dea79-e70f-49ab-99cf-652d17bac6cd,4CPU-8G-z3p1c4-nfs-slow,ROOT,9b832394-f254-4f6d-ba67-ed3979ac9fc6,81e63956-ff38-4ea5-a043-b859ceac0f19,信息系统域,,prodgdhr,XenServer,02:00:06:30:00:11,10.1.1.234,b1fc8a6b-4a2c-4d38-8815-ce0a2db8cf28,88cdf6a0-9ecc-46ae-9589-4318a6e38358,172.17.0.107,xs236.gdcloud.com,ed8acd1b-add6-49cc-9bc5-d7abdb4153b9,HRCSQ,
d2330e9c-cbc1-41ba-815d-51e23f74cad6,i-23-1935-VM,HRCSD,Running,false,2013-11-14T16:35:46+0800,4,2600,8192,0,NetworkFilesystem,ec1dea79-e70f-49ab-99cf-652d17bac6cd,4CPU-8G-z3p1c4-nfs-slow,ROOT,9b832394-f254-4f6d-ba67-ed3979ac9fc6,81e63956-ff38-4ea5-a043-b859ceac0f19,信息系统域,,prodgdhr,XenServer,02:00:44:90:00:10,10.1.1.237,b1fc8a6b-4a2c-4d38-8815-ce0a2db8cf28,81fdb011-9cfc-4416-af0e-2b14c61feb28,172.17.0.106,xs236.gdcloud.com,ed8acd1b-add6-49cc-9bc5-d7abdb4153b9,HRCSD,
ddfb4e26-4610-4bc8-91aa-9f11a093c141,i-23-1934-VM,HRDOCQ,Running,false,2013-11-14T16:35:18+0800,4,2600,8192,0,NetworkFilesystem,ec1dea79-e70f-49ab-99cf-652d17bac6cd,4CPU-8G-z3p1c4-nfs-slow,ROOT,9b832394-f254-4f6d-ba67-ed3979ac9fc6,81e63956-ff38-4ea5-a043-b859ceac0f19,信息系统域,,prodgdhr,XenServer,02:00:58:f3:00:0f,10.1.1.105,b1fc8a6b-4a2c-4d38-8815-ce0a2db8cf28,c6cf77f0-c256-4342-84c9-5a3d1b44a67e,172.17.0.105,xs234.gdcloud.com,a3e7c2e1-87f5-41f4-be23-1ae1f03fd783,HRDOCQ,
114cdd90-8cc0-496d-b358-51d0cde3c2b9,i-23-1933-VM,HRDOCD,Stopped,false,2013-11-14T16:34:52+0800,4,2600,8192,0,NetworkFilesystem,ec1dea79-e70f-49ab-99cf-652d17bac6cd,4CPU-8G-z3p1c4-nfs-slow,ROOT,9b832394-f254-4f6d-ba67-ed3979ac9fc6,81e63956-ff38-4ea5-a043-b859ceac0f19,信息系统域,,prodgdhr,XenServer,02:00:53:c4:00:0e,10.1.1.45,b1fc8a6b-4a2c-4d38-8815-ce0a2db8cf28,,,,0,(no)HRDOCD,
785c6e58-fe80-4c00-a5f9-0343fb021597,i-23-1932-VM,HRTRQ,Running,false,2013-11-14T16:34:18+0800,4,2600,8192,0,NetworkFilesystem,ec1dea79-e70f-49ab-99cf-652d17bac6cd,4CPU-8G-z3p1c4-nfs-slow,ROOT,9b832394-f254-4f6d-ba67-ed3979ac9fc6,81e63956-ff38-4ea5-a043-b859ceac0f19,信息系统域,,prodgdhr,XenServer,02:00:04:ad:00:0d,10.1.1.73,b1fc8a6b-4a2c-4d38-8815-ce0a2db8cf28,2640bd86-aef2-4f70-aff6-5eef2d30b2ea,172.17.0.103,xs235.gdcloud.com,6b41acee-919a-4af7-8c72-94748ddf5673,HRTRQ,
d8a6e286-95ef-4f8b-9b68-896aac7cdee6,i-23-1931-VM,HRTRD,Running,false,2013-11-14T16:33:44+0800,4,2600,8192,0,NetworkFilesystem,ec1dea79-e70f-49ab-99cf-652d17bac6cd,4CPU-8G-z3p1c4-nfs-slow,ROOT,9b832394-f254-4f6d-ba67-ed3979ac9fc6,81e63956-ff38-4ea5-a043-b859ceac0f19,信息系统域,,prodgdhr,XenServer,02:00:0c:51:00:0c,10.1.1.148,b1fc8a6b-4a2c-4d38-8815-ce0a2db8cf28,49077816-4d6e-49bf-a4e2-292619c62a4b,172.17.0.102,xs234.gdcloud.com,a3e7c2e1-87f5-41f4-be23-1ae1f03fd783,HRTRD,
16485e70-eabb-4de1-831e-4aad069d2687,i-23-1930-VM,HRBOQ,Running,true,2013-11-14T15:34:38+0800,8,2600,16384,0,NetworkFilesystem,bdc3bc71-f5d0-4eec-9c0b-e66c28394937,8CPU-16G-z3p1c4-nfs-slow-HA,ROOT,9b832394-f254-4f6d-ba67-ed3979ac9fc6,81e63956-ff38-4ea5-a043-b859ceac0f19,信息系统域,,prodgdhr,XenServer,02:00:1f:27:00:0b,10.1.1.182,b1fc8a6b-4a2c-4d38-8815-ce0a2db8cf28,a6635e84-209e-40ab-8c17-70aa9206440c,172.17.0.101,xs231.gdcloud.com,6e35f2b3-24be-416f-bc0d-db0572e0105c,HRBOQ,
141b08cc-98a8-4a4d-bca8-e82c501fa29d,i-23-1929-VM,HRCSP,Running,true,2013-11-13T16:56:21+0800,8,2600,16384,0,NetworkFilesystem,bdc3bc71-f5d0-4eec-9c0b-e66c28394937,8CPU-16G-z3p1c4-nfs-slow-HA,ROOT,9b832394-f254-4f6d-ba67-ed3979ac9fc6,81e63956-ff38-4ea5-a043-b859ceac0f19,信息系统域,,prodgdhr,XenServer,02:00:33:2a:00:0a,10.1.1.48,b1fc8a6b-4a2c-4d38-8815-ce0a2db8cf28,6ce73cda-e690-47e1-9905-736f895058be,172.17.0.100,xs231.gdcloud.com,6e35f2b3-24be-416f-bc0d-db0572e0105c,HRCSP,
c0c36a46-6617-45ea-ba49-490d098cd036,i-23-1928-VM,HRTRP,Running,true,2013-11-13T16:55:37+0800,8,2600,16384,0,NetworkFilesystem,bdc3bc71-f5d0-4eec-9c0b-e66c28394937,8CPU-16G-z3p1c4-nfs-slow-HA,ROOT,9b832394-f254-4f6d-ba67-ed3979ac9fc6,81e63956-ff38-4ea5-a043-b859ceac0f19,信息系统域,,prodgdhr,XenServer,02:00:17:43:00:09,10.1.1.114,b1fc8a6b-4a2c-4d38-8815-ce0a2db8cf28,dfc6fe16-bd8a-42cd-a673-70f5713f73f9,172.17.0.99,xs233.gdcloud.com,47857fc0-b94d-4da8-9aaf-06dd08eda771,HRTRP,
8922148a-8388-473e-a990-e096e0765833,i-23-1927-VM,HRDOCP,Running,true,2013-11-13T16:51:06+0800,8,2600,16384,0,NetworkFilesystem,bdc3bc71-f5d0-4eec-9c0b-e66c28394937,8CPU-16G-z3p1c4-nfs-slow-HA,ROOT,9b832394-f254-4f6d-ba67-ed3979ac9fc6,81e63956-ff38-4ea5-a043-b859ceac0f19,信息系统域,,prodgdhr,XenServer,02:00:24:ee:00:08,10.1.1.162,b1fc8a6b-4a2c-4d38-8815-ce0a2db8cf28,7d7f2ec2-4f30-43e1-b7d3-9a0775aa22c7,172.17.0.98,xs233.gdcloud.com,47857fc0-b94d-4da8-9aaf-06dd08eda771,HRDOCP,
a9fd8d67-6d5e-4af4-8ad7-b5fda9dfa7f1,i-23-1926-VM,HRAFP,Running,true,2013-11-13T16:37:14+0800,16,2600,32768,0,NetworkFilesystem,9322a631-850d-4450-8e7b-3650e9550777,16CPU-32G-z3p1c4-nfs-slow-HA,ROOT,9b832394-f254-4f6d-ba67-ed3979ac9fc6,81e63956-ff38-4ea5-a043-b859ceac0f19,信息系统域,,prodgdhr,XenServer,02:00:72:d3:00:07,10.1.1.163,b1fc8a6b-4a2c-4d38-8815-ce0a2db8cf28,f20c7755-5bfd-453e-8439-61a52fc0ae87,172.17.0.97,xs234.gdcloud.com,a3e7c2e1-87f5-41f4-be23-1ae1f03fd783,HRAFP,
f9ca5f63-b0ca-428c-b67a-065dfabef4ae,i-23-1925-VM,HRBOP,Running,true,2013-11-13T16:22:34+0800,32,2600,65536,0,NetworkFilesystem,23bf3a00-2e83-4b7e-ba4a-a173b4f7d3be,32CPU-64G-z3p1c4-nfs-slow-HA,ROOT,9b832394-f254-4f6d-ba67-ed3979ac9fc6,81e63956-ff38-4ea5-a043-b859ceac0f19,信息系统域,,prodgdhr,XenServer,02:00:31:41:00:06,10.1.1.99,b1fc8a6b-4a2c-4d38-8815-ce0a2db8cf28,6386289d-534b-4e71-a8d1-fb45dcb23907,172.17.0.96,xs232.gdcloud.com,2766bf16-f174-45d5-83e5-e243294473a9,HRBOP,
183674a7-1249-47f0-91e2-74e78bada3c4,i-23-1924-VM,HREPP,Running,true,2013-11-13T16:13:53+0800,32,2600,65536,0,NetworkFilesystem,23bf3a00-2e83-4b7e-ba4a-a173b4f7d3be,32CPU-64G-z3p1c4-nfs-slow-HA,ROOT,9b832394-f254-4f6d-ba67-ed3979ac9fc6,81e63956-ff38-4ea5-a043-b859ceac0f19,信息系统域,,prodgdhr,XenServer,02:00:4c:0a:00:05,10.1.1.202,b1fc8a6b-4a2c-4d38-8815-ce0a2db8cf28,f6e1de04-20ad-4614-86d2-8d68215c1fd7,172.17.0.95,xs234.gdcloud.com,a3e7c2e1-87f5-41f4-be23-1ae1f03fd783,HREPP,
d893a1c7-70c0-4dbf-92f4-3d24561f9b32,i-23-1923-VM,HRBWP,Running,true,2013-11-13T16:11:30+0800,32,2600,65536,0,NetworkFilesystem,23bf3a00-2e83-4b7e-ba4a-a173b4f7d3be,32CPU-64G-z3p1c4-nfs-slow-HA,ROOT,9b832394-f254-4f6d-ba67-ed3979ac9fc6,81e63956-ff38-4ea5-a043-b859ceac0f19,信息系统域,,prodgdhr,XenServer,02:00:01:c1:00:04,10.1.1.106,b1fc8a6b-4a2c-4d38-8815-ce0a2db8cf28,40751040-2074-4867-9e77-136e9ce1d67b,172.17.0.94,xs233.gdcloud.com,47857fc0-b94d-4da8-9aaf-06dd08eda771,HRBWP,
ebe8232c-bc1c-4ffc-bf31-4f0751d8b57e,i-23-1921-VM,HRPRD,Running,true,2013-11-13T16:01:51+0800,32,2600,65536,0,NetworkFilesystem,23bf3a00-2e83-4b7e-ba4a-a173b4f7d3be,32CPU-64G-z3p1c4-nfs-slow-HA,ROOT,9b832394-f254-4f6d-ba67-ed3979ac9fc6,81e63956-ff38-4ea5-a043-b859ceac0f19,信息系统域,,prodgdhr,XenServer,02:00:75:57:00:02,10.1.1.252,b1fc8a6b-4a2c-4d38-8815-ce0a2db8cf28,a2624d3a-b660-4d12-8202-bcde554186c7,172.17.0.93,xs235.gdcloud.com,6b41acee-919a-4af7-8c72-94748ddf5673,HRPRD,
d8ad6d0d-2aaf-4512-81b7-9b4ae0767339,i-15-1918-VM,SJZX38,Stopped,false,2013-11-11T14:11:02+0800,4,2600,8192,0,NetworkFilesystem,4dcd333f-df40-46af-b104-b15e4575da3d,4CPU-8G-gdupc-nfs-slow,ROOT,9b832394-f254-4f6d-ba67-ed3979ac9fc6,8e19be3a-c953-4dec-aa74-857226de927c,生产系统资源域,,gdupc,XenServer,02:00:25:b8:00:5b,10.1.1.140,e17dc6cf-fcd7-4ede-8582-2b97ad20dc6a,9e1fa328-074b-4ed7-942f-d70868969167,192.168.31.14,,0,(no)SJZX38,
90f21dc5-8b45-41e3-bfc3-fed2873aba6e,i-21-1917-VM,SVMS,Running,false,2013-11-08T15:51:30+0800,2,2600,4096,0,NetworkFilesystem,4387cfd8-f349-4864-87cc-5e563a05559d,2CPU-4G-test-nfs-z2p201c1,ROOT,9b832394-f254-4f6d-ba67-ed3979ac9fc6,8e19be3a-c953-4dec-aa74-857226de927c,生产系统资源域,,test,XenServer,02:00:1d:e0:00:21,10.1.1.29,5203d048-6b2d-4afe-a851-22cf5cafb4fc,528a247d-c264-400f-a9f6-ecb4ea33688d,192.168.31.188,xstest1.gdcloud.com,f1e89379-5fc2-4661-bd59-750991c2eecc,SVMS,
